<?xml version="1.0" encoding="utf-8"?>
<DataObject xmlns:xsd="http://www.w3.org/2001/XMLSchema" xmlns:xsi="http://www.w3.org/2001/XMLSchema-instance">
  <DataSeriesName>
    <string>Original | N=183</string>
    <string>Epsilon=0.01 | N=90</string>
    <string>Epsilon=0.02 | N=59</string>
    <string>Epsilon=0.04 | N=42</string>
    <string>Epsilon=0.06 | N=38</string>
    <string>Epsilon=0.1 | N=29</string>
  </DataSeriesName>
  <DataSeriesScaleX>
    <double>1</double>
    <double>1</double>
    <double>1</double>
    <double>1</double>
    <double>1</double>
    <double>1</double>
  </DataSeriesScaleX>
  <DataSeriesScaleY>
    <double>1</double>
    <double>1</double>
    <double>1</double>
    <double>1</double>
    <double>1</double>
    <double>1</double>
  </DataSeriesScaleY>
  <DataSeriesThick>
    <double>1.5</double>
    <double>1.5</double>
    <double>1.5</double>
    <double>1.5</double>
    <double>1.5</double>
    <double>1.5</double>
  </DataSeriesThick>
  <DataSeriesLineStyle>
    <LineStyle>Solid</LineStyle>
    <LineStyle>Solid</LineStyle>
    <LineStyle>Solid</LineStyle>
    <LineStyle>Solid</LineStyle>
    <LineStyle>Solid</LineStyle>
    <LineStyle>Solid</LineStyle>
  </DataSeriesLineStyle>
  <DataSeriesMarkerType>
    <MarkerType>Triangle</MarkerType>
    <MarkerType>Triangle</MarkerType>
    <MarkerType>Triangle</MarkerType>
    <MarkerType>Triangle</MarkerType>
    <MarkerType>Triangle</MarkerType>
    <MarkerType>Triangle</MarkerType>
  </DataSeriesMarkerType>
  <DataSeriesMarkerSize>
    <double>3</double>
    <double>3</double>
    <double>3</double>
    <double>3</double>
    <double>3</double>
    <double>3</double>
  </DataSeriesMarkerSize>
  <DataSeriesColor>
    <Colors>Red</Colors>
    <Colors>Red</Colors>
    <Colors>Red</Colors>
    <Colors>Red</Colors>
    <Colors>Red</Colors>
    <Colors>Red</Colors>
  </DataSeriesColor>
  <DataSeriesCustomColor>
    <boolean>false</boolean>
    <boolean>false</boolean>
    <boolean>false</boolean>
    <boolean>false</boolean>
    <boolean>false</boolean>
    <boolean>false</boolean>
  </DataSeriesCustomColor>
  <DataSeriesRGBDescription>
    <string>255|0|0</string>
    <string>255|0|0</string>
    <string>255|0|0</string>
    <string>255|0|0</string>
    <string>255|0|0</string>
    <string>255|0|0</string>
  </DataSeriesRGBDescription>
  <DataSeriesLegend>
    <boolean>true</boolean>
    <boolean>true</boolean>
    <boolean>true</boolean>
    <boolean>true</boolean>
    <boolean>true</boolean>
    <boolean>true</boolean>
  </DataSeriesLegend>
  <DataSeriesSecondY>
    <boolean>false</boolean>
    <boolean>false</boolean>
    <boolean>false</boolean>
    <boolean>false</boolean>
    <boolean>false</boolean>
    <boolean>false</boolean>
  </DataSeriesSecondY>
  <DataSeriesXPoints>
    <ArrayOfDouble>
      <double>0</double>
      <double>0.125</double>
      <double>0.25</double>
      <double>0.375</double>
      <double>0.5</double>
      <double>0.625</double>
      <double>0.75</double>
      <double>0.875</double>
      <double>1</double>
      <double>1.1</double>
      <double>1.2</double>
      <double>1.3</double>
      <double>1.4</double>
      <double>1.5</double>
      <double>1.5</double>
      <double>1.4</double>
      <double>1.3</double>
      <double>1.2</double>
      <double>1.1</double>
      <double>1</double>
      <double>0.9</double>
      <double>0.75</double>
      <double>0.7</double>
      <double>0.7</double>
      <double>0.75</double>
      <double>0.9</double>
      <double>1</double>
      <double>1.1</double>
      <double>1.3</double>
      <double>1.4</double>
      <double>1.5</double>
      <double>1.55</double>
      <double>1.55</double>
      <double>1.5</double>
      <double>1.4</double>
      <double>1.35</double>
      <double>1.35</double>
      <double>1.4</double>
      <double>1.5</double>
      <double>1.55</double>
      <double>1.6</double>
      <double>1.65</double>
      <double>1.7</double>
      <double>1.8</double>
      <double>1.9</double>
      <double>2</double>
      <double>2.1</double>
      <double>2.2</double>
      <double>2.3</double>
      <double>2.4</double>
      <double>2.5</double>
      <double>2.6</double>
      <double>2.6</double>
      <double>2.6</double>
      <double>2.6</double>
      <double>2.6</double>
      <double>2.6</double>
      <double>2.6</double>
      <double>2.6</double>
      <double>2.6</double>
      <double>2.6</double>
      <double>2.6</double>
      <double>2.6</double>
      <double>2.62</double>
      <double>2.64</double>
      <double>2.66</double>
      <double>2.68</double>
      <double>2.7</double>
      <double>2.72</double>
      <double>2.74</double>
      <double>2.76</double>
      <double>2.78</double>
      <double>2.8</double>
      <double>2.82</double>
      <double>2.84</double>
      <double>2.86</double>
      <double>2.88</double>
      <double>2.9</double>
      <double>2.92</double>
      <double>2.94</double>
      <double>2.96</double>
      <double>2.98</double>
      <double>3</double>
      <double>3.02</double>
      <double>3.04</double>
      <double>3.06</double>
      <double>3.08</double>
      <double>3.1</double>
      <double>3.12</double>
      <double>3.14</double>
      <double>3.16</double>
      <double>3.18</double>
      <double>3.2</double>
      <double>3.22</double>
      <double>3.24</double>
      <double>3.26</double>
      <double>3.28</double>
      <double>3.3</double>
      <double>3.32</double>
      <double>3.34</double>
      <double>3.36</double>
      <double>3.38</double>
      <double>3.4</double>
      <double>3.42</double>
      <double>3.44</double>
      <double>3.46</double>
      <double>3.48</double>
      <double>3.5</double>
      <double>3.52</double>
      <double>3.54</double>
      <double>3.56</double>
      <double>3.58</double>
      <double>3.6</double>
      <double>3.62</double>
      <double>3.64</double>
      <double>3.66</double>
      <double>3.68</double>
      <double>3.7</double>
      <double>3.72</double>
      <double>3.74</double>
      <double>3.76</double>
      <double>3.78</double>
      <double>3.8</double>
      <double>3.82</double>
      <double>3.84</double>
      <double>3.86</double>
      <double>3.88</double>
      <double>3.9</double>
      <double>3.92</double>
      <double>3.94</double>
      <double>3.96</double>
      <double>3.98</double>
      <double>4</double>
      <double>4.02</double>
      <double>4.04</double>
      <double>4.06</double>
      <double>4.08</double>
      <double>4.1</double>
      <double>4.12</double>
      <double>4.14</double>
      <double>4.16</double>
      <double>4.18</double>
      <double>4.2</double>
      <double>4.22</double>
      <double>4.24</double>
      <double>4.26</double>
      <double>4.28</double>
      <double>4.3</double>
      <double>4.32</double>
      <double>4.34</double>
      <double>4.36</double>
      <double>4.38</double>
      <double>4.4</double>
      <double>4.42</double>
      <double>4.44</double>
      <double>4.46</double>
      <double>4.48</double>
      <double>4.5</double>
      <double>4.52</double>
      <double>4.54</double>
      <double>4.56</double>
      <double>4.58</double>
      <double>4.6</double>
      <double>4.62</double>
      <double>4.64</double>
      <double>4.66</double>
      <double>4.68</double>
      <double>4.7</double>
      <double>4.72</double>
      <double>4.74</double>
      <double>4.76</double>
      <double>4.78</double>
      <double>4.8</double>
      <double>4.82</double>
      <double>4.84</double>
      <double>4.86</double>
      <double>4.88</double>
      <double>4.9</double>
      <double>4.92</double>
      <double>4.94</double>
      <double>4.96</double>
      <double>4.98</double>
      <double>5</double>
    </ArrayOfDouble>
    <ArrayOfDouble>
      <double>0</double>
      <double>1.1</double>
      <double>1.2</double>
      <double>1.3</double>
      <double>1.4</double>
      <double>1.5</double>
      <double>1.5</double>
      <double>1.4</double>
      <double>1.1</double>
      <double>1</double>
      <double>0.9</double>
      <double>0.75</double>
      <double>0.7</double>
      <double>0.7</double>
      <double>0.75</double>
      <double>0.9</double>
      <double>1</double>
      <double>1.1</double>
      <double>1.3</double>
      <double>1.4</double>
      <double>1.5</double>
      <double>1.55</double>
      <double>1.55</double>
      <double>1.5</double>
      <double>1.4</double>
      <double>1.35</double>
      <double>1.35</double>
      <double>1.4</double>
      <double>1.5</double>
      <double>1.6</double>
      <double>1.7</double>
      <double>2</double>
      <double>2.1</double>
      <double>2.2</double>
      <double>2.3</double>
      <double>2.4</double>
      <double>2.6</double>
      <double>2.6</double>
      <double>2.62</double>
      <double>2.66</double>
      <double>2.68</double>
      <double>2.7</double>
      <double>2.74</double>
      <double>2.82</double>
      <double>2.84</double>
      <double>2.86</double>
      <double>2.9</double>
      <double>2.98</double>
      <double>3</double>
      <double>3.02</double>
      <double>3.06</double>
      <double>3.14</double>
      <double>3.16</double>
      <double>3.18</double>
      <double>3.22</double>
      <double>3.28</double>
      <double>3.32</double>
      <double>3.34</double>
      <double>3.36</double>
      <double>3.44</double>
      <double>3.48</double>
      <double>3.5</double>
      <double>3.52</double>
      <double>3.6</double>
      <double>3.64</double>
      <double>3.66</double>
      <double>3.68</double>
      <double>3.76</double>
      <double>3.8</double>
      <double>3.82</double>
      <double>3.84</double>
      <double>3.92</double>
      <double>3.96</double>
      <double>3.98</double>
      <double>4</double>
      <double>4.08</double>
      <double>4.12</double>
      <double>4.16</double>
      <double>4.24</double>
      <double>4.28</double>
      <double>4.32</double>
      <double>4.4</double>
      <double>4.44</double>
      <double>4.48</double>
      <double>4.56</double>
      <double>4.6</double>
      <double>4.76</double>
      <double>4.9</double>
      <double>4.94</double>
      <double>5</double>
    </ArrayOfDouble>
    <ArrayOfDouble>
      <double>0</double>
      <double>1.1</double>
      <double>1.2</double>
      <double>1.3</double>
      <double>1.5</double>
      <double>1.5</double>
      <double>1.4</double>
      <double>1.1</double>
      <double>1</double>
      <double>0.9</double>
      <double>0.75</double>
      <double>0.7</double>
      <double>0.7</double>
      <double>0.75</double>
      <double>1</double>
      <double>1.1</double>
      <double>1.3</double>
      <double>1.4</double>
      <double>1.5</double>
      <double>1.55</double>
      <double>1.55</double>
      <double>1.5</double>
      <double>1.4</double>
      <double>1.35</double>
      <double>1.35</double>
      <double>1.5</double>
      <double>1.6</double>
      <double>1.7</double>
      <double>2</double>
      <double>2.1</double>
      <double>2.2</double>
      <double>2.3</double>
      <double>2.6</double>
      <double>2.6</double>
      <double>2.7</double>
      <double>2.82</double>
      <double>2.86</double>
      <double>2.98</double>
      <double>3.02</double>
      <double>3.14</double>
      <double>3.18</double>
      <double>3.32</double>
      <double>3.34</double>
      <double>3.36</double>
      <double>3.48</double>
      <double>3.52</double>
      <double>3.64</double>
      <double>3.68</double>
      <double>3.8</double>
      <double>3.84</double>
      <double>3.96</double>
      <double>4</double>
      <double>4.12</double>
      <double>4.28</double>
      <double>4.44</double>
      <double>4.6</double>
      <double>4.76</double>
      <double>4.9</double>
      <double>5</double>
    </ArrayOfDouble>
    <ArrayOfDouble>
      <double>0</double>
      <double>1.1</double>
      <double>1.2</double>
      <double>1.3</double>
      <double>1.5</double>
      <double>1.5</double>
      <double>1.4</double>
      <double>1.1</double>
      <double>0.75</double>
      <double>0.7</double>
      <double>0.75</double>
      <double>1</double>
      <double>1.1</double>
      <double>1.3</double>
      <double>1.4</double>
      <double>1.55</double>
      <double>1.55</double>
      <double>1.4</double>
      <double>1.35</double>
      <double>1.5</double>
      <double>1.7</double>
      <double>2</double>
      <double>2.2</double>
      <double>2.3</double>
      <double>2.6</double>
      <double>2.6</double>
      <double>2.7</double>
      <double>2.86</double>
      <double>3.02</double>
      <double>3.18</double>
      <double>3.32</double>
      <double>3.48</double>
      <double>3.64</double>
      <double>3.8</double>
      <double>3.96</double>
      <double>4.12</double>
      <double>4.28</double>
      <double>4.44</double>
      <double>4.6</double>
      <double>4.76</double>
      <double>4.9</double>
      <double>5</double>
    </ArrayOfDouble>
    <ArrayOfDouble>
      <double>0</double>
      <double>1.1</double>
      <double>1.2</double>
      <double>1.3</double>
      <double>1.5</double>
      <double>1.5</double>
      <double>1.4</double>
      <double>1.1</double>
      <double>0.75</double>
      <double>0.75</double>
      <double>1.1</double>
      <double>1.3</double>
      <double>1.4</double>
      <double>1.55</double>
      <double>1.55</double>
      <double>1.4</double>
      <double>1.35</double>
      <double>1.5</double>
      <double>1.7</double>
      <double>2</double>
      <double>2.2</double>
      <double>2.6</double>
      <double>2.6</double>
      <double>2.7</double>
      <double>2.86</double>
      <double>3.02</double>
      <double>3.18</double>
      <double>3.32</double>
      <double>3.48</double>
      <double>3.64</double>
      <double>3.8</double>
      <double>3.96</double>
      <double>4.12</double>
      <double>4.28</double>
      <double>4.44</double>
      <double>4.6</double>
      <double>4.76</double>
      <double>5</double>
    </ArrayOfDouble>
    <ArrayOfDouble>
      <double>0</double>
      <double>1.3</double>
      <double>1.5</double>
      <double>1.1</double>
      <double>0.75</double>
      <double>0.75</double>
      <double>1.1</double>
      <double>1.4</double>
      <double>1.55</double>
      <double>1.4</double>
      <double>1.7</double>
      <double>2</double>
      <double>2.2</double>
      <double>2.6</double>
      <double>2.6</double>
      <double>2.7</double>
      <double>2.86</double>
      <double>3.02</double>
      <double>3.18</double>
      <double>3.32</double>
      <double>3.48</double>
      <double>3.64</double>
      <double>3.8</double>
      <double>3.96</double>
      <double>4.12</double>
      <double>4.28</double>
      <double>4.44</double>
      <double>4.6</double>
      <double>5</double>
    </ArrayOfDouble>
  </DataSeriesXPoints>
  <DataSeriesYPoints>
    <ArrayOfDouble>
      <double>0</double>
      <double>0.125</double>
      <double>0.25</double>
      <double>0.375</double>
      <double>0.5</double>
      <double>0.625</double>
      <double>0.75</double>
      <double>0.875</double>
      <double>1</double>
      <double>1.1</double>
      <double>1.1</double>
      <double>1.3</double>
      <double>1.6</double>
      <double>2</double>
      <double>2.5</double>
      <double>2.8</double>
      <double>2.9</double>
      <double>3</double>
      <double>3.1</double>
      <double>3</double>
      <double>2.7</double>
      <double>2.5</double>
      <double>2.3</double>
      <double>2</double>
      <double>1.8</double>
      <double>1.7</double>
      <double>1.6</double>
      <double>1.4</double>
      <double>1.4</double>
      <double>1.3</double>
      <double>1.1</double>
      <double>0.9</double>
      <double>0.7</double>
      <double>0.6</double>
      <double>0.55</double>
      <double>0.6</double>
      <double>0.8</double>
      <double>0.85</double>
      <double>0.9</double>
      <double>1.2</double>
      <double>1.6</double>
      <double>1.8</double>
      <double>2</double>
      <double>2</double>
      <double>2</double>
      <double>2</double>
      <double>1.7</double>
      <double>1.55</double>
      <double>1.45</double>
      <double>1.4</double>
      <double>1.37</double>
      <double>1.35</double>
      <double>1</double>
      <double>0.9</double>
      <double>0.8</double>
      <double>0.7</double>
      <double>0.6</double>
      <double>0.5</double>
      <double>0.4</double>
      <double>0.3</double>
      <double>0.2</double>
      <double>0.1</double>
      <double>0</double>
      <double>0</double>
      <double>1.10858472437248</double>
      <double>1.96637460395348</double>
      <double>2.46454409288153</double>
      <double>2.55634245230911</double>
      <double>2.2593032527813</double>
      <double>1.64768339134709</double>
      <double>0.837012017285828</double>
      <double>-0.0363364568740539</double>
      <double>-0.837112001480633</double>
      <double>-1.45130158702825</double>
      <double>-1.8015238068619</double>
      <double>-1.85576911517359</double>
      <double>-1.62869197327526</double>
      <double>-1.175834563651</double>
      <double>-0.5821881844395</double>
      <double>0.052764024757305</double>
      <double>0.631018687126269</double>
      <double>1.07057484081037</double>
      <double>1.31645013831454</double>
      <double>1.34681495567373</double>
      <double>1.17370365906041</double>
      <double>0.838613731889308</double>
      <double>0.40404305556877</double>
      <double>-0.0574584924306263</double>
      <double>-0.474896913736156</double>
      <double>-0.789317143910714</double>
      <double>-0.961682163948456</double>
      <double>-0.977171654563253</double>
      <double>-0.845533484664926</double>
      <double>-0.597739013120576</double>
      <double>-0.279725897764829</double>
      <double>0.0556131782099383</double>
      <double>0.356864549764032</double>
      <double>0.581658287853749</double>
      <double>0.70230066746274</double>
      <double>0.708781757134383</double>
      <double>0.608910768498988</double>
      <double>0.425779780177981</double>
      <double>0.193140023337733</double>
      <double>-0.050458247517631</double>
      <double>-0.267792051010171</double>
      <double>-0.428422740236886</double>
      <double>-0.512720291435142</double>
      <double>-0.513963964961479</double>
      <double>-0.438353508592023</double>
      <double>-0.303089875115692</double>
      <double>-0.132960514349496</double>
      <double>0.0439458133349059</double>
      <double>0.200687800535697</double>
      <double>0.315406951529992</double>
      <double>0.374201278145366</double>
      <double>0.372589782051703</double>
      <double>0.315457354248954</double>
      <double>0.215605151875111</double>
      <double>0.091230163897722</double>
      <double>-0.0372072894155244</double>
      <double>-0.150213238634545</double>
      <double>-0.232097116816739</double>
      <double>-0.273022664946915</double>
      <double>-0.270026838239139</double>
      <double>-0.226933887486239</double>
      <double>-0.153262390050923</double>
      <double>-0.0623658868641574</double>
      <double>0.0308562627933171</double>
      <double>0.112302890597329</double>
      <double>0.170715605783681</double>
      <double>0.199141628732552</double>
      <double>0.195641130346322</double>
      <double>0.163191524000978</double>
      <double>0.108864744914699</double>
      <double>0.0424562824317299</double>
      <double>-0.02518713486312</double>
      <double>-0.0838682788283221</double>
      <double>-0.125512402013043</double>
      <double>-0.145209985596151</double>
      <double>-0.14170660251457</double>
      <double>-0.117309244439411</double>
      <double>-0.0772679666917022</double>
      <double>-0.0287655394893654</double>
      <double>0.0203038649270569</double>
      <double>0.0625683312876074</double>
      <double>0.0922390150356198</double>
      <double>0.105852971403155</double>
      <double>0.102611509019585</double>
      <double>0.0842946338144965</double>
      <double>0.0547969524109713</double>
      <double>0.0193834496031173</double>
      <double>-0.016202176249857</double>
      <double>-0.0466321173990115</double>
      <double>-0.0677581688044081</double>
      <double>-0.0771405541978054</double>
      <double>-0.0742809468978977</double>
      <double>-0.0605476272172305</double>
      <double>-0.0388276235735308</double>
      <double>-0.0129787791627837</double>
      <double>0.0128210416487987</double>
      <double>0.0347225054549305</double>
      <double>0.0497544340657629</double>
      <double>0.0562000225900307</double>
      <double>0.0537567967412377</double>
      <double>0.0434730472872174</double>
      <double>0.0274874201637716</double>
      <double>0.00862568756405476</double>
      <double>-0.0100740988842601</double>
      <double>-0.0258316500879974</double>
      <double>-0.0365198470853156</double>
      <double>-0.0409321998525821</double>
      <double>-0.0388922505630631</double>
      <double>-0.0312007342358447</double>
      <double>-0.0194408619304056</double>
      <double>-0.00568171473864738</double>
      <double>0.00786812086208646</double>
      <double>0.0192011224611491</double>
      <double>0.0267951888095093</double>
      <double>0.0298036387467967</double>
      <double>0.0281297309631537</double>
      <double>0.0223834538205002</double>
      <double>0.013736090012698</double>
      <double>0.00370213570873802</double>
    </ArrayOfDouble>
    <ArrayOfDouble>
      <double>0</double>
      <double>1.1</double>
      <double>1.1</double>
      <double>1.3</double>
      <double>1.6</double>
      <double>2</double>
      <double>2.5</double>
      <double>2.8</double>
      <double>3.1</double>
      <double>3</double>
      <double>2.7</double>
      <double>2.5</double>
      <double>2.3</double>
      <double>2</double>
      <double>1.8</double>
      <double>1.7</double>
      <double>1.6</double>
      <double>1.4</double>
      <double>1.4</double>
      <double>1.3</double>
      <double>1.1</double>
      <double>0.9</double>
      <double>0.7</double>
      <double>0.6</double>
      <double>0.55</double>
      <double>0.6</double>
      <double>0.8</double>
      <double>0.85</double>
      <double>0.9</double>
      <double>1.6</double>
      <double>2</double>
      <double>2</double>
      <double>1.7</double>
      <double>1.55</double>
      <double>1.45</double>
      <double>1.4</double>
      <double>1.35</double>
      <double>0</double>
      <double>0</double>
      <double>1.96637460395348</double>
      <double>2.46454409288153</double>
      <double>2.55634245230911</double>
      <double>1.64768339134709</double>
      <double>-1.45130158702825</double>
      <double>-1.8015238068619</double>
      <double>-1.85576911517359</double>
      <double>-1.175834563651</double>
      <double>1.07057484081037</double>
      <double>1.31645013831454</double>
      <double>1.34681495567373</double>
      <double>0.838613731889308</double>
      <double>-0.789317143910714</double>
      <double>-0.961682163948456</double>
      <double>-0.977171654563253</double>
      <double>-0.597739013120576</double>
      <double>0.356864549764032</double>
      <double>0.70230066746274</double>
      <double>0.708781757134383</double>
      <double>0.608910768498988</double>
      <double>-0.267792051010171</double>
      <double>-0.512720291435142</double>
      <double>-0.513963964961479</double>
      <double>-0.438353508592023</double>
      <double>0.200687800535697</double>
      <double>0.374201278145366</double>
      <double>0.372589782051703</double>
      <double>0.315457354248954</double>
      <double>-0.150213238634545</double>
      <double>-0.273022664946915</double>
      <double>-0.270026838239139</double>
      <double>-0.226933887486239</double>
      <double>0.112302890597329</double>
      <double>0.199141628732552</double>
      <double>0.195641130346322</double>
      <double>0.163191524000978</double>
      <double>-0.0838682788283221</double>
      <double>-0.145209985596151</double>
      <double>-0.117309244439411</double>
      <double>0.0625683312876074</double>
      <double>0.105852971403155</double>
      <double>0.0842946338144965</double>
      <double>-0.0466321173990115</double>
      <double>-0.0771405541978054</double>
      <double>-0.0605476272172305</double>
      <double>0.0347225054549305</double>
      <double>0.0562000225900307</double>
      <double>-0.0409321998525821</double>
      <double>0.0267951888095093</double>
      <double>0.0281297309631537</double>
      <double>0.00370213570873802</double>
    </ArrayOfDouble>
    <ArrayOfDouble>
      <double>0</double>
      <double>1.1</double>
      <double>1.1</double>
      <double>1.3</double>
      <double>2</double>
      <double>2.5</double>
      <double>2.8</double>
      <double>3.1</double>
      <double>3</double>
      <double>2.7</double>
      <double>2.5</double>
      <double>2.3</double>
      <double>2</double>
      <double>1.8</double>
      <double>1.6</double>
      <double>1.4</double>
      <double>1.4</double>
      <double>1.3</double>
      <double>1.1</double>
      <double>0.9</double>
      <double>0.7</double>
      <double>0.6</double>
      <double>0.55</double>
      <double>0.6</double>
      <double>0.8</double>
      <double>0.9</double>
      <double>1.6</double>
      <double>2</double>
      <double>2</double>
      <double>1.7</double>
      <double>1.55</double>
      <double>1.45</double>
      <double>1.35</double>
      <double>0</double>
      <double>2.55634245230911</double>
      <double>-1.45130158702825</double>
      <double>-1.85576911517359</double>
      <double>1.07057484081037</double>
      <double>1.34681495567373</double>
      <double>-0.789317143910714</double>
      <double>-0.977171654563253</double>
      <double>0.70230066746274</double>
      <double>0.708781757134383</double>
      <double>0.608910768498988</double>
      <double>-0.512720291435142</double>
      <double>-0.438353508592023</double>
      <double>0.374201278145366</double>
      <double>0.315457354248954</double>
      <double>-0.273022664946915</double>
      <double>-0.226933887486239</double>
      <double>0.199141628732552</double>
      <double>0.163191524000978</double>
      <double>-0.145209985596151</double>
      <double>0.105852971403155</double>
      <double>-0.0771405541978054</double>
      <double>0.0562000225900307</double>
      <double>-0.0409321998525821</double>
      <double>0.0267951888095093</double>
      <double>0.00370213570873802</double>
    </ArrayOfDouble>
    <ArrayOfDouble>
      <double>0</double>
      <double>1.1</double>
      <double>1.1</double>
      <double>1.3</double>
      <double>2</double>
      <double>2.5</double>
      <double>2.8</double>
      <double>3.1</double>
      <double>2.5</double>
      <double>2.3</double>
      <double>1.8</double>
      <double>1.6</double>
      <double>1.4</double>
      <double>1.4</double>
      <double>1.3</double>
      <double>0.9</double>
      <double>0.7</double>
      <double>0.55</double>
      <double>0.8</double>
      <double>0.9</double>
      <double>2</double>
      <double>2</double>
      <double>1.55</double>
      <double>1.45</double>
      <double>1.35</double>
      <double>0</double>
      <double>2.55634245230911</double>
      <double>-1.85576911517359</double>
      <double>1.34681495567373</double>
      <double>-0.977171654563253</double>
      <double>0.70230066746274</double>
      <double>-0.512720291435142</double>
      <double>0.374201278145366</double>
      <double>-0.273022664946915</double>
      <double>0.199141628732552</double>
      <double>-0.145209985596151</double>
      <double>0.105852971403155</double>
      <double>-0.0771405541978054</double>
      <double>0.0562000225900307</double>
      <double>-0.0409321998525821</double>
      <double>0.0267951888095093</double>
      <double>0.00370213570873802</double>
    </ArrayOfDouble>
    <ArrayOfDouble>
      <double>0</double>
      <double>1.1</double>
      <double>1.1</double>
      <double>1.3</double>
      <double>2</double>
      <double>2.5</double>
      <double>2.8</double>
      <double>3.1</double>
      <double>2.5</double>
      <double>1.8</double>
      <double>1.4</double>
      <double>1.4</double>
      <double>1.3</double>
      <double>0.9</double>
      <double>0.7</double>
      <double>0.55</double>
      <double>0.8</double>
      <double>0.9</double>
      <double>2</double>
      <double>2</double>
      <double>1.55</double>
      <double>1.35</double>
      <double>0</double>
      <double>2.55634245230911</double>
      <double>-1.85576911517359</double>
      <double>1.34681495567373</double>
      <double>-0.977171654563253</double>
      <double>0.70230066746274</double>
      <double>-0.512720291435142</double>
      <double>0.374201278145366</double>
      <double>-0.273022664946915</double>
      <double>0.199141628732552</double>
      <double>-0.145209985596151</double>
      <double>0.105852971403155</double>
      <double>-0.0771405541978054</double>
      <double>0.0562000225900307</double>
      <double>-0.0409321998525821</double>
      <double>0.00370213570873802</double>
    </ArrayOfDouble>
    <ArrayOfDouble>
      <double>0</double>
      <double>1.3</double>
      <double>2.5</double>
      <double>3.1</double>
      <double>2.5</double>
      <double>1.8</double>
      <double>1.4</double>
      <double>1.3</double>
      <double>0.9</double>
      <double>0.55</double>
      <double>2</double>
      <double>2</double>
      <double>1.55</double>
      <double>1.35</double>
      <double>0</double>
      <double>2.55634245230911</double>
      <double>-1.85576911517359</double>
      <double>1.34681495567373</double>
      <double>-0.977171654563253</double>
      <double>0.70230066746274</double>
      <double>-0.512720291435142</double>
      <double>0.374201278145366</double>
      <double>-0.273022664946915</double>
      <double>0.199141628732552</double>
      <double>-0.145209985596151</double>
      <double>0.105852971403155</double>
      <double>-0.0771405541978054</double>
      <double>0.0562000225900307</double>
      <double>0.00370213570873802</double>
    </ArrayOfDouble>
  </DataSeriesYPoints>
  <ManualXMinAxisLimit>false</ManualXMinAxisLimit>
  <ManualXMaxAxisLimit>false</ManualXMaxAxisLimit>
  <XAxisMin>0</XAxisMin>
  <XAxisMax>0</XAxisMax>
  <ManualYMinAxisLimit>true</ManualYMinAxisLimit>
  <ManualYMaxAxisLimit>true</ManualYMaxAxisLimit>
  <YAxisMin>-2.5</YAxisMin>
  <YAxisMax>3.5</YAxisMax>
  <ManualY2MinAxisLimit>false</ManualY2MinAxisLimit>
  <ManualY2MaxAxisLimit>false</ManualY2MaxAxisLimit>
  <Y2AxisMin>0</Y2AxisMin>
  <Y2AxisMax>0</Y2AxisMax>
  <XAxisTitle />
  <YAxisTitle />
  <Y2AxisTitle>Y2</Y2AxisTitle>
  <XLogarithmicScale>false</XLogarithmicScale>
  <YLogarithmicScale>false</YLogarithmicScale>
  <Y2LogarithmicScale>false</Y2LogarithmicScale>
  <SelectedXAxisLabelFormat>Default</SelectedXAxisLabelFormat>
  <SelectedYAxisLabelFormat>Default</SelectedYAxisLabelFormat>
  <SelectedY2AxisLabelFormat>Default</SelectedY2AxisLabelFormat>
  <XMajorGridLines>false</XMajorGridLines>
  <YMajorGridLines>false</YMajorGridLines>
  <Y2MajorGridLines>false</Y2MajorGridLines>
  <XMinorGridLines>false</XMinorGridLines>
  <YMinorGridLines>false</YMinorGridLines>
  <Y2MinorGridLines>false</Y2MinorGridLines>
  <XMajorStep>0</XMajorStep>
  <YMajorStep>0</YMajorStep>
  <Y2MajorStep>0</Y2MajorStep>
  <XMinorStep>0</XMinorStep>
  <YMinorStep>0</YMinorStep>
  <Y2MinorStep>0</Y2MinorStep>
  <ChartWidth>500</ChartWidth>
  <ChartHeight>500</ChartHeight>
  <ChartTitle />
  <ShowLegend>true</ShowLegend>
  <SelectedLegendPosition>TopRight</SelectedLegendPosition>
  <ShowLegendArrows>false</ShowLegendArrows>
  <SelectedFont>Helvetica</SelectedFont>
  <XAxisFontSize>15</XAxisFontSize>
  <YAxisFontSize>15</YAxisFontSize>
  <Y2AxisFontSize>0</Y2AxisFontSize>
  <TitleFontSize>0</TitleFontSize>
  <LegendFontSize>15</LegendFontSize>
  <SelectedBackColor>White</SelectedBackColor>
  <CustomBackColor>false</CustomBackColor>
  <BackColorRGBDescription>255|255|255</BackColorRGBDescription>
  <SelectedBackgroundColor>White</SelectedBackgroundColor>
  <CustomBackgroundColor>false</CustomBackgroundColor>
  <BackgroundColorRGBDescription>255|255|255</BackgroundColorRGBDescription>
  <SelectedGridLinesColor>Gray</SelectedGridLinesColor>
  <CustomGridLinesColor>false</CustomGridLinesColor>
  <GridLinesColorRGBDescription>160|160|160</GridLinesColorRGBDescription>
  <SelectedGIFType>SeriesRoll</SelectedGIFType>
  <GIFTotalTime>5</GIFTotalTime>
  <GIFFramesPerSecond>10</GIFFramesPerSecond>
  <InterpolateData>false</InterpolateData>
</DataObject>