<?xml version="1.0" encoding="utf-8"?>
<DataObject xmlns:xsd="http://www.w3.org/2001/XMLSchema" xmlns:xsi="http://www.w3.org/2001/XMLSchema-instance">
  <DataSeriesName>
    <string>With dumping</string>
    <string>Without dumping</string>
  </DataSeriesName>
  <DataSeriesScaleX>
    <double>1</double>
    <double>1</double>
  </DataSeriesScaleX>
  <DataSeriesScaleY>
    <double>1</double>
    <double>1</double>
  </DataSeriesScaleY>
  <DataSeriesThick>
    <double>1.5</double>
    <double>1.5</double>
  </DataSeriesThick>
  <DataSeriesLineStyle>
    <LineStyle>Solid</LineStyle>
    <LineStyle>Solid</LineStyle>
  </DataSeriesLineStyle>
  <DataSeriesColor>
    <Colors>Red</Colors>
    <Colors>Blue</Colors>
  </DataSeriesColor>
  <DataSeriesCustomColor>
    <boolean>false</boolean>
    <boolean>false</boolean>
  </DataSeriesCustomColor>
  <DataSeriesRGBDescription>
    <string>255|0|0</string>
    <string>0|0|255</string>
  </DataSeriesRGBDescription>
  <DataSeriesLegend>
    <boolean>true</boolean>
    <boolean>true</boolean>
  </DataSeriesLegend>
  <DataSeriesSecondY>
    <boolean>false</boolean>
    <boolean>true</boolean>
  </DataSeriesSecondY>
  <DataSeriesXPoints>
    <ArrayOfDouble>
      <double>60</double>
      <double>61.3975795368452</double>
      <double>62.827712883054</double>
      <double>64.2911583142564</double>
      <double>65.7886917685911</double>
      <double>67.3211072581178</double>
      <double>68.8892172898129</double>
      <double>70.4938532963718</double>
      <double>72.1358660770448</double>
      <double>73.8161262487429</double>
      <double>75.53552470765</double>
      <double>77.294973101588</double>
      <double>79.0954043133844</double>
      <double>80.9377729554992</double>
      <double>82.823055876173</double>
      <double>84.7522526773652</double>
      <double>86.7263862447556</double>
      <double>88.7465032900924</double>
      <double>90.8136749061724</double>
      <double>92.9289971347488</double>
      <double>95.0935915476667</double>
      <double>97.3086058415357</double>
      <double>99.5752144462536</double>
      <double>101.894619147705</double>
      <double>104.268049724962</double>
      <double>106.696764602335</double>
      <double>109.182051516599</double>
      <double>111.725228199772</double>
      <double>114.327643077795</double>
      <double>116.990675985483</double>
      <double>119.715738898133</double>
      <double>122.504276680172</double>
      <double>125.357767851242</double>
      <double>128.277725370134</double>
      <double>131.265697436973</double>
      <double>134.3232683141</double>
      <double>137.452059166066</double>
      <double>140.653728919195</double>
      <double>143.929975141169</double>
      <double>147.282534941102</double>
      <double>150.713185890575</double>
      <double>154.223746966132</double>
      <double>157.816079513723</double>
      <double>161.492088235615</double>
      <double>165.25372220029</double>
      <double>169.102975875867</double>
      <double>173.041890187596</double>
      <double>177.072553599983</double>
      <double>181.197103224121</double>
      <double>185.417725950815</double>
      <double>189.736659610102</double>
      <double>194.156194157777</double>
      <double>198.678672889554</double>
      <double>203.306493683521</double>
      <double>208.042110271519</double>
      <double>212.888033540145</double>
      <double>217.84683286206</double>
      <double>222.921137458303</double>
      <double>228.113637792336</double>
      <double>233.427086996568</double>
      <double>238.864302332098</double>
      <double>244.428166682467</double>
      <double>250.121630082201</double>
      <double>255.947711280955</double>
      <double>261.909499344099</double>
      <double>268.010155290577</double>
      <double>274.252913768924</double>
      <double>280.641084772318</double>
      <double>287.178055393582</double>
      <double>293.867291621067</double>
      <double>300.712340176363</double>
      <double>307.716830394818</double>
      <double>314.884476149863</double>
      <double>322.219077822151</double>
      <double>329.724524314574</double>
      <double>337.404795114209</double>
      <double>345.263962402293</double>
      <double>353.306193213353</double>
      <double>361.535751644614</double>
      <double>369.957001116888</double>
      <double>378.574406688115</double>
      <double>387.392537420792</double>
      <double>396.416068804557</double>
      <double>405.649785235188</double>
      <double>415.098582551361</double>
      <double>424.767470630482</double>
      <double>434.661576044993</double>
      <double>444.786144780549</double>
      <double>455.146545017509</double>
      <double>465.748269977214</double>
      <double>476.596940834567</double>
      <double>487.698309698458</double>
      <double>499.058262661601</double>
      <double>510.682822921424</double>
      <double>522.578153973647</double>
      <double>534.750562880246</double>
      <double>547.206503613544</double>
      <double>559.952580478193</double>
      <double>572.99555161286</double>
      <double>586.342332573484</double>
      <double>599.999999999998</double>
      <double>613.97579536845</double>
      <double>628.277128830538</double>
      <double>642.911583142562</double>
      <double>657.886917685909</double>
      <double>673.211072581176</double>
      <double>688.892172898127</double>
      <double>704.938532963715</double>
      <double>721.358660770445</double>
      <double>738.161262487426</double>
      <double>755.355247076498</double>
      <double>772.949731015878</double>
      <double>790.954043133841</double>
      <double>809.377729554989</double>
      <double>828.230558761728</double>
      <double>847.522526773649</double>
      <double>867.263862447553</double>
      <double>887.465032900921</double>
      <double>908.136749061721</double>
      <double>929.289971347485</double>
      <double>950.935915476664</double>
      <double>973.086058415354</double>
      <double>995.752144462532</double>
      <double>1018.94619147704</double>
      <double>1042.68049724962</double>
      <double>1066.96764602335</double>
      <double>1091.82051516599</double>
      <double>1117.25228199772</double>
      <double>1143.27643077794</double>
      <double>1169.90675985482</double>
      <double>1197.15738898132</double>
      <double>1225.04276680171</double>
      <double>1253.57767851242</double>
      <double>1282.77725370133</double>
      <double>1312.65697436973</double>
      <double>1343.232683141</double>
      <double>1374.52059166066</double>
      <double>1406.53728919195</double>
      <double>1439.29975141169</double>
      <double>1472.82534941101</double>
      <double>1507.13185890574</double>
      <double>1542.23746966131</double>
      <double>1578.16079513722</double>
      <double>1614.92088235614</double>
      <double>1652.53722200289</double>
      <double>1691.02975875866</double>
      <double>1730.41890187596</double>
      <double>1770.72553599982</double>
      <double>1811.9710322412</double>
      <double>1854.17725950815</double>
      <double>1897.36659610102</double>
      <double>1941.56194157776</double>
      <double>1986.78672889554</double>
      <double>2033.06493683521</double>
      <double>2080.42110271518</double>
      <double>2128.88033540144</double>
      <double>2178.4683286206</double>
      <double>2229.21137458302</double>
      <double>2281.13637792336</double>
      <double>2334.27086996567</double>
      <double>2388.64302332097</double>
      <double>2444.28166682466</double>
      <double>2501.216300822</double>
      <double>2559.47711280954</double>
      <double>2619.09499344098</double>
      <double>2680.10155290577</double>
      <double>2742.52913768924</double>
      <double>2806.41084772317</double>
      <double>2871.78055393582</double>
      <double>2938.67291621066</double>
      <double>3007.12340176362</double>
      <double>3077.16830394817</double>
      <double>3148.84476149862</double>
      <double>3222.1907782215</double>
      <double>3297.24524314573</double>
      <double>3374.04795114208</double>
      <double>3452.63962402292</double>
      <double>3533.06193213351</double>
      <double>3615.35751644613</double>
      <double>3699.57001116887</double>
      <double>3785.74406688114</double>
      <double>3873.92537420791</double>
      <double>3964.16068804555</double>
      <double>4056.49785235187</double>
      <double>4150.9858255136</double>
      <double>4247.6747063048</double>
      <double>4346.61576044992</double>
      <double>4447.86144780548</double>
      <double>4551.46545017508</double>
      <double>4657.48269977212</double>
      <double>4765.96940834566</double>
      <double>4876.98309698457</double>
      <double>4990.582626616</double>
      <double>5106.82822921423</double>
      <double>5225.78153973645</double>
      <double>5347.50562880244</double>
      <double>5472.06503613543</double>
      <double>5599.52580478191</double>
      <double>5729.95551612858</double>
      <double>5863.42332573483</double>
      <double>5999.99999999996</double>
      <double>6139.75795368449</double>
      <double>6282.77128830536</double>
      <double>6429.1158314256</double>
      <double>6578.86917685907</double>
      <double>6732.11072581174</double>
      <double>6888.92172898125</double>
      <double>7049.38532963713</double>
      <double>7213.58660770443</double>
      <double>7381.61262487424</double>
      <double>7553.55247076495</double>
      <double>7729.49731015875</double>
      <double>7909.54043133839</double>
      <double>8093.77729554987</double>
      <double>8282.30558761725</double>
      <double>8475.22526773647</double>
      <double>8672.63862447551</double>
      <double>8874.65032900918</double>
      <double>9081.36749061719</double>
      <double>9292.89971347482</double>
      <double>9509.35915476661</double>
      <double>9730.86058415351</double>
      <double>9957.52144462529</double>
      <double>10189.4619147704</double>
      <double>10426.8049724962</double>
      <double>10669.6764602335</double>
      <double>10918.2051516598</double>
      <double>11172.5228199771</double>
      <double>11432.7643077794</double>
      <double>11699.0675985482</double>
      <double>11971.5738898132</double>
      <double>12250.4276680171</double>
      <double>12535.7767851241</double>
      <double>12827.7725370133</double>
      <double>13126.5697436972</double>
      <double>13432.3268314099</double>
      <double>13745.2059166065</double>
      <double>14065.3728919194</double>
      <double>14392.9975141168</double>
      <double>14728.2534941101</double>
      <double>15071.3185890574</double>
      <double>15422.3746966131</double>
      <double>15781.6079513722</double>
      <double>16149.2088235614</double>
      <double>16525.3722200289</double>
      <double>16910.2975875866</double>
      <double>17304.1890187595</double>
      <double>17707.2553599982</double>
      <double>18119.710322412</double>
      <double>18541.7725950814</double>
      <double>18973.6659610101</double>
      <double>19415.6194157775</double>
      <double>19867.8672889553</double>
      <double>20330.649368352</double>
      <double>20804.2110271517</double>
      <double>21288.8033540144</double>
      <double>21784.6832862059</double>
      <double>22292.1137458302</double>
      <double>22811.3637792335</double>
      <double>23342.7086996566</double>
      <double>23886.4302332096</double>
      <double>24442.8166682466</double>
      <double>25012.1630082199</double>
      <double>25594.7711280953</double>
      <double>26190.9499344096</double>
      <double>26801.0155290576</double>
      <double>27425.2913768923</double>
      <double>28064.1084772317</double>
      <double>28717.8055393581</double>
      <double>29386.7291621065</double>
      <double>30071.2340176361</double>
      <double>30771.6830394816</double>
      <double>31488.4476149861</double>
      <double>32221.9077822149</double>
      <double>32972.4524314572</double>
      <double>33740.4795114207</double>
      <double>34526.3962402291</double>
      <double>35330.619321335</double>
      <double>36153.5751644611</double>
      <double>36995.7001116886</double>
      <double>37857.4406688113</double>
      <double>38739.253742079</double>
      <double>39641.6068804554</double>
      <double>40564.9785235185</double>
      <double>41509.8582551358</double>
      <double>42476.7470630479</double>
      <double>43466.157604499</double>
      <double>44478.6144780546</double>
      <double>45514.6545017505</double>
      <double>46574.8269977211</double>
      <double>47659.6940834564</double>
      <double>48769.8309698455</double>
      <double>49905.8262661598</double>
      <double>51068.2822921421</double>
      <double>52257.8153973643</double>
      <double>53475.0562880242</double>
      <double>54720.6503613541</double>
      <double>55995.2580478189</double>
      <double>57299.5551612856</double>
      <double>58634.2332573481</double>
      <double>59999.9999999994</double>
      <double>61397.5795368446</double>
      <double>62827.7128830534</double>
      <double>64291.1583142558</double>
      <double>65788.6917685904</double>
      <double>67321.1072581171</double>
      <double>68889.2172898123</double>
      <double>70493.8532963711</double>
      <double>72135.866077044</double>
      <double>73816.1262487421</double>
      <double>75535.5247076493</double>
      <double>77294.9731015873</double>
      <double>79095.4043133836</double>
      <double>80937.7729554984</double>
      <double>82823.0558761723</double>
      <double>84752.2526773644</double>
      <double>86726.3862447548</double>
      <double>88746.5032900915</double>
      <double>90813.6749061715</double>
      <double>92928.9971347479</double>
      <double>95093.5915476658</double>
      <double>97308.6058415348</double>
      <double>99575.2144462526</double>
      <double>101894.619147704</double>
      <double>104268.049724961</double>
      <double>106696.764602334</double>
      <double>109182.051516598</double>
      <double>111725.228199771</double>
      <double>114327.643077794</double>
      <double>116990.675985481</double>
      <double>119715.738898131</double>
      <double>122504.27668017</double>
      <double>125357.767851241</double>
      <double>128277.725370133</double>
      <double>131265.697436972</double>
      <double>134323.268314099</double>
      <double>137452.059166065</double>
      <double>140653.728919194</double>
      <double>143929.975141168</double>
      <double>147282.5349411</double>
      <double>150713.185890573</double>
      <double>154223.74696613</double>
      <double>157816.079513721</double>
      <double>161492.088235613</double>
      <double>165253.722200288</double>
      <double>169102.975875865</double>
      <double>173041.890187594</double>
      <double>177072.553599981</double>
      <double>181197.103224119</double>
      <double>185417.725950813</double>
      <double>189736.659610101</double>
      <double>194156.194157775</double>
      <double>198678.672889552</double>
      <double>203306.493683519</double>
      <double>208042.110271517</double>
      <double>212888.033540143</double>
      <double>217846.832862058</double>
      <double>222921.137458301</double>
      <double>228113.637792334</double>
      <double>233427.086996566</double>
      <double>238864.302332095</double>
      <double>244428.166682465</double>
      <double>250121.630082198</double>
      <double>255947.711280953</double>
      <double>261909.499344096</double>
      <double>268010.155290575</double>
      <double>274252.913768922</double>
      <double>280641.084772315</double>
      <double>287178.055393579</double>
      <double>293867.291621064</double>
      <double>300712.34017636</double>
      <double>307716.830394815</double>
      <double>314884.47614986</double>
      <double>322219.077822148</double>
      <double>329724.524314571</double>
      <double>337404.795114205</double>
      <double>345263.96240229</double>
      <double>353306.193213349</double>
      <double>361535.75164461</double>
      <double>369957.001116885</double>
      <double>378574.406688111</double>
      <double>387392.537420788</double>
      <double>396416.068804553</double>
      <double>405649.785235184</double>
      <double>415098.582551357</double>
      <double>424767.470630477</double>
      <double>434661.576044989</double>
      <double>444786.144780545</double>
      <double>455146.545017504</double>
      <double>465748.269977209</double>
      <double>476596.940834563</double>
      <double>487698.309698453</double>
      <double>499058.262661596</double>
      <double>510682.822921419</double>
      <double>522578.153973642</double>
      <double>534750.56288024</double>
      <double>547206.503613539</double>
      <double>559952.580478187</double>
      <double>572995.551612854</double>
      <double>586342.332573479</double>
      <double>599999.999999992</double>
      <double>613975.795368444</double>
      <double>628277.128830532</double>
      <double>642911.583142555</double>
      <double>657886.917685902</double>
      <double>673211.072581169</double>
      <double>688892.172898121</double>
      <double>704938.532963708</double>
      <double>721358.660770438</double>
      <double>738161.262487419</double>
      <double>755355.24707649</double>
      <double>772949.73101587</double>
      <double>790954.043133834</double>
      <double>809377.729554981</double>
      <double>828230.55876172</double>
      <double>847522.526773641</double>
      <double>867263.862447545</double>
      <double>887465.032900912</double>
      <double>908136.749061713</double>
      <double>929289.971347476</double>
      <double>950935.915476655</double>
      <double>973086.058415345</double>
      <double>995752.144462523</double>
      <double>1018946.19147703</double>
      <double>1042680.49724961</double>
      <double>1066967.64602334</double>
      <double>1091820.51516597</double>
      <double>1117252.2819977</double>
      <double>1143276.43077793</double>
      <double>1169906.75985481</double>
      <double>1197157.38898131</double>
      <double>1225042.7668017</double>
      <double>1253577.67851241</double>
      <double>1282777.25370132</double>
      <double>1312656.97436971</double>
      <double>1343232.68314098</double>
      <double>1374520.59166064</double>
      <double>1406537.28919193</double>
      <double>1439299.75141167</double>
      <double>1472825.349411</double>
      <double>1507131.85890573</double>
      <double>1542237.4696613</double>
      <double>1578160.79513721</double>
      <double>1614920.88235613</double>
      <double>1652537.22200288</double>
      <double>1691029.75875865</double>
      <double>1730418.90187594</double>
      <double>1770725.53599981</double>
      <double>1811971.03224118</double>
      <double>1854177.25950813</double>
      <double>1897366.596101</double>
      <double>1941561.94157774</double>
      <double>1986786.72889552</double>
      <double>2033064.93683519</double>
      <double>2080421.10271516</double>
      <double>2128880.33540142</double>
      <double>2178468.32862058</double>
      <double>2229211.374583</double>
      <double>2281136.37792333</double>
      <double>2334270.86996565</double>
      <double>2388643.02332095</double>
      <double>2444281.66682464</double>
      <double>2501216.30082198</double>
      <double>2559477.11280952</double>
      <double>2619094.99344096</double>
      <double>2680101.55290574</double>
      <double>2742529.13768921</double>
      <double>2806410.84772315</double>
      <double>2871780.55393579</double>
      <double>2938672.91621063</double>
      <double>3007123.40176359</double>
      <double>3077168.30394814</double>
      <double>3148844.76149859</double>
      <double>3222190.77822147</double>
      <double>3297245.2431457</double>
      <double>3374047.95114204</double>
      <double>3452639.62402289</double>
      <double>3533061.93213348</double>
      <double>3615357.51644609</double>
      <double>3699570.01116884</double>
      <double>3785744.0668811</double>
      <double>3873925.37420787</double>
      <double>3964160.68804551</double>
      <double>4056497.85235183</double>
      <double>4150985.82551355</double>
      <double>4247674.70630476</double>
      <double>4346615.76044987</double>
      <double>4447861.44780543</double>
      <double>4551465.45017503</double>
      <double>4657482.69977208</double>
      <double>4765969.40834561</double>
      <double>4876983.09698452</double>
      <double>4990582.62661595</double>
      <double>5106828.22921418</double>
      <double>5225781.5397364</double>
      <double>5347505.62880239</double>
      <double>5472065.03613537</double>
      <double>5599525.80478185</double>
      <double>5729955.51612852</double>
      <double>5863423.32573477</double>
      <double>5999999.9999999</double>
      <double>6139757.95368442</double>
      <double>6282771.28830529</double>
      <double>6429115.83142553</double>
      <double>6578869.176859</double>
      <double>6732110.72581167</double>
      <double>6888921.72898118</double>
      <double>7049385.32963706</double>
      <double>7213586.60770436</double>
      <double>7381612.62487417</double>
      <double>7553552.47076488</double>
      <double>7729497.31015867</double>
      <double>7909540.43133831</double>
      <double>8093777.29554978</double>
      <double>8282305.58761717</double>
      <double>8475225.26773638</double>
      <double>8672638.62447542</double>
      <double>8874650.32900909</double>
      <double>9081367.49061709</double>
      <double>9292899.71347473</double>
      <double>9509359.15476652</double>
      <double>9730860.58415341</double>
      <double>9957521.44462519</double>
      <double>10000000</double>
    </ArrayOfDouble>
    <ArrayOfDouble>
      <double>60</double>
      <double>61.3975795368452</double>
      <double>62.827712883054</double>
      <double>64.2911583142564</double>
      <double>65.7886917685911</double>
      <double>67.3211072581178</double>
      <double>68.8892172898129</double>
      <double>70.4938532963718</double>
      <double>72.1358660770448</double>
      <double>73.8161262487429</double>
      <double>75.53552470765</double>
      <double>77.294973101588</double>
      <double>79.0954043133844</double>
      <double>80.9377729554992</double>
      <double>82.823055876173</double>
      <double>84.7522526773652</double>
      <double>86.7263862447556</double>
      <double>88.7465032900924</double>
      <double>90.8136749061724</double>
      <double>92.9289971347488</double>
      <double>95.0935915476667</double>
      <double>97.3086058415357</double>
      <double>99.5752144462536</double>
      <double>101.894619147705</double>
      <double>104.268049724962</double>
      <double>106.696764602335</double>
      <double>109.182051516599</double>
      <double>111.725228199772</double>
      <double>114.327643077795</double>
      <double>116.990675985483</double>
      <double>119.715738898133</double>
      <double>122.504276680172</double>
      <double>125.357767851242</double>
      <double>128.277725370134</double>
      <double>131.265697436973</double>
      <double>134.3232683141</double>
      <double>137.452059166066</double>
      <double>140.653728919195</double>
      <double>143.929975141169</double>
      <double>147.282534941102</double>
      <double>150.713185890575</double>
      <double>154.223746966132</double>
      <double>157.816079513723</double>
      <double>161.492088235615</double>
      <double>165.25372220029</double>
      <double>169.102975875867</double>
      <double>173.041890187596</double>
      <double>177.072553599983</double>
      <double>181.197103224121</double>
      <double>185.417725950815</double>
      <double>189.736659610102</double>
      <double>194.156194157777</double>
      <double>198.678672889554</double>
      <double>203.306493683521</double>
      <double>208.042110271519</double>
      <double>212.888033540145</double>
      <double>217.84683286206</double>
      <double>222.921137458303</double>
      <double>228.113637792336</double>
      <double>233.427086996568</double>
      <double>238.864302332098</double>
      <double>244.428166682467</double>
      <double>250.121630082201</double>
      <double>255.947711280955</double>
      <double>261.909499344099</double>
      <double>268.010155290577</double>
      <double>274.252913768924</double>
      <double>280.641084772318</double>
      <double>287.178055393582</double>
      <double>293.867291621067</double>
      <double>300.712340176363</double>
      <double>307.716830394818</double>
      <double>314.884476149863</double>
      <double>322.219077822151</double>
      <double>329.724524314574</double>
      <double>337.404795114209</double>
      <double>345.263962402293</double>
      <double>353.306193213353</double>
      <double>361.535751644614</double>
      <double>369.957001116888</double>
      <double>378.574406688115</double>
      <double>387.392537420792</double>
      <double>396.416068804557</double>
      <double>405.649785235188</double>
      <double>415.098582551361</double>
      <double>424.767470630482</double>
      <double>434.661576044993</double>
      <double>444.786144780549</double>
      <double>455.146545017509</double>
      <double>465.748269977214</double>
      <double>476.596940834567</double>
      <double>487.698309698458</double>
      <double>499.058262661601</double>
      <double>510.682822921424</double>
      <double>522.578153973647</double>
      <double>534.750562880246</double>
      <double>547.206503613544</double>
      <double>559.952580478193</double>
      <double>572.99555161286</double>
      <double>586.342332573484</double>
      <double>599.999999999998</double>
      <double>613.97579536845</double>
      <double>628.277128830538</double>
      <double>642.911583142562</double>
      <double>657.886917685909</double>
      <double>673.211072581176</double>
      <double>688.892172898127</double>
      <double>704.938532963715</double>
      <double>721.358660770445</double>
      <double>738.161262487426</double>
      <double>755.355247076498</double>
      <double>772.949731015878</double>
      <double>790.954043133841</double>
      <double>809.377729554989</double>
      <double>828.230558761728</double>
      <double>847.522526773649</double>
      <double>867.263862447553</double>
      <double>887.465032900921</double>
      <double>908.136749061721</double>
      <double>929.289971347485</double>
      <double>950.935915476664</double>
      <double>973.086058415354</double>
      <double>995.752144462532</double>
      <double>1018.94619147704</double>
      <double>1042.68049724962</double>
      <double>1066.96764602335</double>
      <double>1091.82051516599</double>
      <double>1117.25228199772</double>
      <double>1143.27643077794</double>
      <double>1169.90675985482</double>
      <double>1197.15738898132</double>
      <double>1225.04276680171</double>
      <double>1253.57767851242</double>
      <double>1282.77725370133</double>
      <double>1312.65697436973</double>
      <double>1343.232683141</double>
      <double>1374.52059166066</double>
      <double>1406.53728919195</double>
      <double>1439.29975141169</double>
      <double>1472.82534941101</double>
      <double>1507.13185890574</double>
      <double>1542.23746966131</double>
      <double>1578.16079513722</double>
      <double>1614.92088235614</double>
      <double>1652.53722200289</double>
      <double>1691.02975875866</double>
      <double>1730.41890187596</double>
      <double>1770.72553599982</double>
      <double>1811.9710322412</double>
      <double>1854.17725950815</double>
      <double>1897.36659610102</double>
      <double>1941.56194157776</double>
      <double>1986.78672889554</double>
      <double>2033.06493683521</double>
      <double>2080.42110271518</double>
      <double>2128.88033540144</double>
      <double>2178.4683286206</double>
      <double>2229.21137458302</double>
      <double>2281.13637792336</double>
      <double>2334.27086996567</double>
      <double>2388.64302332097</double>
      <double>2444.28166682466</double>
      <double>2501.216300822</double>
      <double>2559.47711280954</double>
      <double>2619.09499344098</double>
      <double>2680.10155290577</double>
      <double>2742.52913768924</double>
      <double>2806.41084772317</double>
      <double>2871.78055393582</double>
      <double>2938.67291621066</double>
      <double>3007.12340176362</double>
      <double>3077.16830394817</double>
      <double>3148.84476149862</double>
      <double>3222.1907782215</double>
      <double>3297.24524314573</double>
      <double>3374.04795114208</double>
      <double>3452.63962402292</double>
      <double>3533.06193213351</double>
      <double>3615.35751644613</double>
      <double>3699.57001116887</double>
      <double>3785.74406688114</double>
      <double>3873.92537420791</double>
      <double>3964.16068804555</double>
      <double>4056.49785235187</double>
      <double>4150.9858255136</double>
      <double>4247.6747063048</double>
      <double>4346.61576044992</double>
      <double>4447.86144780548</double>
      <double>4551.46545017508</double>
      <double>4657.48269977212</double>
      <double>4765.96940834566</double>
      <double>4876.98309698457</double>
      <double>4990.582626616</double>
      <double>5106.82822921423</double>
      <double>5225.78153973645</double>
      <double>5347.50562880244</double>
      <double>5472.06503613543</double>
      <double>5599.52580478191</double>
      <double>5729.95551612858</double>
      <double>5863.42332573483</double>
      <double>5999.99999999996</double>
      <double>6139.75795368449</double>
      <double>6282.77128830536</double>
      <double>6429.1158314256</double>
      <double>6578.86917685907</double>
      <double>6732.11072581174</double>
      <double>6888.92172898125</double>
      <double>7049.38532963713</double>
      <double>7213.58660770443</double>
      <double>7381.61262487424</double>
      <double>7553.55247076495</double>
      <double>7729.49731015875</double>
      <double>7909.54043133839</double>
      <double>8093.77729554987</double>
      <double>8282.30558761725</double>
      <double>8475.22526773647</double>
      <double>8672.63862447551</double>
      <double>8874.65032900918</double>
      <double>9081.36749061719</double>
      <double>9292.89971347482</double>
      <double>9509.35915476661</double>
      <double>9730.86058415351</double>
      <double>9957.52144462529</double>
      <double>10189.4619147704</double>
      <double>10426.8049724962</double>
      <double>10669.6764602335</double>
      <double>10918.2051516598</double>
      <double>11172.5228199771</double>
      <double>11432.7643077794</double>
      <double>11699.0675985482</double>
      <double>11971.5738898132</double>
      <double>12250.4276680171</double>
      <double>12535.7767851241</double>
      <double>12827.7725370133</double>
      <double>13126.5697436972</double>
      <double>13432.3268314099</double>
      <double>13745.2059166065</double>
      <double>14065.3728919194</double>
      <double>14392.9975141168</double>
      <double>14728.2534941101</double>
      <double>15071.3185890574</double>
      <double>15422.3746966131</double>
      <double>15781.6079513722</double>
      <double>16149.2088235614</double>
      <double>16525.3722200289</double>
      <double>16910.2975875866</double>
      <double>17304.1890187595</double>
      <double>17707.2553599982</double>
      <double>18119.710322412</double>
      <double>18541.7725950814</double>
      <double>18973.6659610101</double>
      <double>19415.6194157775</double>
      <double>19867.8672889553</double>
      <double>20330.649368352</double>
      <double>20804.2110271517</double>
      <double>21288.8033540144</double>
      <double>21784.6832862059</double>
      <double>22292.1137458302</double>
      <double>22811.3637792335</double>
      <double>23342.7086996566</double>
      <double>23886.4302332096</double>
      <double>24442.8166682466</double>
      <double>25012.1630082199</double>
      <double>25594.7711280953</double>
      <double>26190.9499344096</double>
      <double>26801.0155290576</double>
      <double>27425.2913768923</double>
      <double>28064.1084772317</double>
      <double>28717.8055393581</double>
      <double>29386.7291621065</double>
      <double>30071.2340176361</double>
      <double>30771.6830394816</double>
      <double>31488.4476149861</double>
      <double>32221.9077822149</double>
      <double>32972.4524314572</double>
      <double>33740.4795114207</double>
      <double>34526.3962402291</double>
      <double>35330.619321335</double>
      <double>36153.5751644611</double>
      <double>36995.7001116886</double>
      <double>37857.4406688113</double>
      <double>38739.253742079</double>
      <double>39641.6068804554</double>
      <double>40564.9785235185</double>
      <double>41509.8582551358</double>
      <double>42476.7470630479</double>
      <double>43466.157604499</double>
      <double>44478.6144780546</double>
      <double>45514.6545017505</double>
      <double>46574.8269977211</double>
      <double>47659.6940834564</double>
      <double>48769.8309698455</double>
      <double>49905.8262661598</double>
      <double>51068.2822921421</double>
      <double>52257.8153973643</double>
      <double>53475.0562880242</double>
      <double>54720.6503613541</double>
      <double>55995.2580478189</double>
      <double>57299.5551612856</double>
      <double>58634.2332573481</double>
      <double>59999.9999999994</double>
      <double>61397.5795368446</double>
      <double>62827.7128830534</double>
      <double>64291.1583142558</double>
      <double>65788.6917685904</double>
      <double>67321.1072581171</double>
      <double>68889.2172898123</double>
      <double>70493.8532963711</double>
      <double>72135.866077044</double>
      <double>73816.1262487421</double>
      <double>75535.5247076493</double>
      <double>77294.9731015873</double>
      <double>79095.4043133836</double>
      <double>80937.7729554984</double>
      <double>82823.0558761723</double>
      <double>84752.2526773644</double>
      <double>86726.3862447548</double>
      <double>88746.5032900915</double>
      <double>90813.6749061715</double>
      <double>92928.9971347479</double>
      <double>95093.5915476658</double>
      <double>97308.6058415348</double>
      <double>99575.2144462526</double>
      <double>101894.619147704</double>
      <double>104268.049724961</double>
      <double>106696.764602334</double>
      <double>109182.051516598</double>
      <double>111725.228199771</double>
      <double>114327.643077794</double>
      <double>116990.675985481</double>
      <double>119715.738898131</double>
      <double>122504.27668017</double>
      <double>125357.767851241</double>
      <double>128277.725370133</double>
      <double>131265.697436972</double>
      <double>134323.268314099</double>
      <double>137452.059166065</double>
      <double>140653.728919194</double>
      <double>143929.975141168</double>
      <double>147282.5349411</double>
      <double>150713.185890573</double>
      <double>154223.74696613</double>
      <double>157816.079513721</double>
      <double>161492.088235613</double>
      <double>165253.722200288</double>
      <double>169102.975875865</double>
      <double>173041.890187594</double>
      <double>177072.553599981</double>
      <double>181197.103224119</double>
      <double>185417.725950813</double>
      <double>189736.659610101</double>
      <double>194156.194157775</double>
      <double>198678.672889552</double>
      <double>203306.493683519</double>
      <double>208042.110271517</double>
      <double>212888.033540143</double>
      <double>217846.832862058</double>
      <double>222921.137458301</double>
      <double>228113.637792334</double>
      <double>233427.086996566</double>
      <double>238864.302332095</double>
      <double>244428.166682465</double>
      <double>250121.630082198</double>
      <double>255947.711280953</double>
      <double>261909.499344096</double>
      <double>268010.155290575</double>
      <double>274252.913768922</double>
      <double>280641.084772315</double>
      <double>287178.055393579</double>
      <double>293867.291621064</double>
      <double>300712.34017636</double>
      <double>307716.830394815</double>
      <double>314884.47614986</double>
      <double>322219.077822148</double>
      <double>329724.524314571</double>
      <double>337404.795114205</double>
      <double>345263.96240229</double>
      <double>353306.193213349</double>
      <double>361535.75164461</double>
      <double>369957.001116885</double>
      <double>378574.406688111</double>
      <double>387392.537420788</double>
      <double>396416.068804553</double>
      <double>405649.785235184</double>
      <double>415098.582551357</double>
      <double>424767.470630477</double>
      <double>434661.576044989</double>
      <double>444786.144780545</double>
      <double>455146.545017504</double>
      <double>465748.269977209</double>
      <double>476596.940834563</double>
      <double>487698.309698453</double>
      <double>499058.262661596</double>
      <double>510682.822921419</double>
      <double>522578.153973642</double>
      <double>534750.56288024</double>
      <double>547206.503613539</double>
      <double>559952.580478187</double>
      <double>572995.551612854</double>
      <double>586342.332573479</double>
      <double>599999.999999992</double>
      <double>613975.795368444</double>
      <double>628277.128830532</double>
      <double>642911.583142555</double>
      <double>657886.917685902</double>
      <double>673211.072581169</double>
      <double>688892.172898121</double>
      <double>704938.532963708</double>
      <double>721358.660770438</double>
      <double>738161.262487419</double>
      <double>755355.24707649</double>
      <double>772949.73101587</double>
      <double>790954.043133834</double>
      <double>809377.729554981</double>
      <double>828230.55876172</double>
      <double>847522.526773641</double>
      <double>867263.862447545</double>
      <double>887465.032900912</double>
      <double>908136.749061713</double>
      <double>929289.971347476</double>
      <double>950935.915476655</double>
      <double>973086.058415345</double>
      <double>995752.144462523</double>
      <double>1018946.19147703</double>
      <double>1042680.49724961</double>
      <double>1066967.64602334</double>
      <double>1091820.51516597</double>
      <double>1117252.2819977</double>
      <double>1143276.43077793</double>
      <double>1169906.75985481</double>
      <double>1197157.38898131</double>
      <double>1225042.7668017</double>
      <double>1253577.67851241</double>
      <double>1282777.25370132</double>
      <double>1312656.97436971</double>
      <double>1343232.68314098</double>
      <double>1374520.59166064</double>
      <double>1406537.28919193</double>
      <double>1439299.75141167</double>
      <double>1472825.349411</double>
      <double>1507131.85890573</double>
      <double>1542237.4696613</double>
      <double>1578160.79513721</double>
      <double>1614920.88235613</double>
      <double>1652537.22200288</double>
      <double>1691029.75875865</double>
      <double>1730418.90187594</double>
      <double>1770725.53599981</double>
      <double>1811971.03224118</double>
      <double>1854177.25950813</double>
      <double>1897366.596101</double>
      <double>1941561.94157774</double>
      <double>1986786.72889552</double>
      <double>2033064.93683519</double>
      <double>2080421.10271516</double>
      <double>2128880.33540142</double>
      <double>2178468.32862058</double>
      <double>2229211.374583</double>
      <double>2281136.37792333</double>
      <double>2334270.86996565</double>
      <double>2388643.02332095</double>
      <double>2444281.66682464</double>
      <double>2501216.30082198</double>
      <double>2559477.11280952</double>
      <double>2619094.99344096</double>
      <double>2680101.55290574</double>
      <double>2742529.13768921</double>
      <double>2806410.84772315</double>
      <double>2871780.55393579</double>
      <double>2938672.91621063</double>
      <double>3007123.40176359</double>
      <double>3077168.30394814</double>
      <double>3148844.76149859</double>
      <double>3222190.77822147</double>
      <double>3297245.2431457</double>
      <double>3374047.95114204</double>
      <double>3452639.62402289</double>
      <double>3533061.93213348</double>
      <double>3615357.51644609</double>
      <double>3699570.01116884</double>
      <double>3785744.0668811</double>
      <double>3873925.37420787</double>
      <double>3964160.68804551</double>
      <double>4056497.85235183</double>
      <double>4150985.82551355</double>
      <double>4247674.70630476</double>
      <double>4346615.76044987</double>
      <double>4447861.44780543</double>
      <double>4551465.45017503</double>
      <double>4657482.69977208</double>
      <double>4765969.40834561</double>
      <double>4876983.09698452</double>
      <double>4990582.62661595</double>
      <double>5106828.22921418</double>
      <double>5225781.5397364</double>
      <double>5347505.62880239</double>
      <double>5472065.03613537</double>
      <double>5599525.80478185</double>
      <double>5729955.51612852</double>
      <double>5863423.32573477</double>
      <double>5999999.9999999</double>
      <double>6139757.95368442</double>
      <double>6282771.28830529</double>
      <double>6429115.83142553</double>
      <double>6578869.176859</double>
      <double>6732110.72581167</double>
      <double>6888921.72898118</double>
      <double>7049385.32963706</double>
      <double>7213586.60770436</double>
      <double>7381612.62487417</double>
      <double>7553552.47076488</double>
      <double>7729497.31015867</double>
      <double>7909540.43133831</double>
      <double>8093777.29554978</double>
      <double>8282305.58761717</double>
      <double>8475225.26773638</double>
      <double>8672638.62447542</double>
      <double>8874650.32900909</double>
      <double>9081367.49061709</double>
      <double>9292899.71347473</double>
      <double>9509359.15476652</double>
      <double>9730860.58415341</double>
      <double>9957521.44462519</double>
      <double>10000000</double>
    </ArrayOfDouble>
  </DataSeriesXPoints>
  <DataSeriesYPoints>
    <ArrayOfDouble>
      <double>-702.776026759301</double>
      <double>-698.988951788342</double>
      <double>-695.011626288521</double>
      <double>-691.16987956232</double>
      <double>-686.704556175586</double>
      <double>-682.068920412648</double>
      <double>-677.181450978326</double>
      <double>-672.448263464922</double>
      <double>-667.138145227866</double>
      <double>-661.291974733651</double>
      <double>-655.353011538117</double>
      <double>-648.853071126615</double>
      <double>-642.503277829551</double>
      <double>-635.833225563309</double>
      <double>-628.279657730049</double>
      <double>-620.394562724179</double>
      <double>-612.596022994427</double>
      <double>-604.04806843214</double>
      <double>-595.157978623414</double>
      <double>-585.834038826352</double>
      <double>-575.972184397422</double>
      <double>-565.779582183617</double>
      <double>-555.171465514755</double>
      <double>-543.336710079925</double>
      <double>-530.810934949477</double>
      <double>-519.039232348958</double>
      <double>-504.808237095267</double>
      <double>-491.188521123414</double>
      <double>-476.438897864297</double>
      <double>-461.325060052948</double>
      <double>-445.278570856901</double>
      <double>-428.67245514517</double>
      <double>-409.762000710818</double>
      <double>-391.088651334154</double>
      <double>-372.088235215284</double>
      <double>-350.166860398491</double>
      <double>-328.235657429682</double>
      <double>-306.315251749751</double>
      <double>-280.739608417616</double>
      <double>-255.622116029275</double>
      <double>-228.632346511601</double>
      <double>-199.521450905217</double>
      <double>-169.807880089999</double>
      <double>-139.457228816775</double>
      <double>-105.457541648114</double>
      <double>-69.3932344290856</double>
      <double>-33.2200553035978</double>
      <double>6.43781139149838</double>
      <double>47.6070886086181</double>
      <double>91.6824543699689</double>
      <double>138.996851686974</double>
      <double>187.101678348616</double>
      <double>235.964199993529</double>
      <double>291.790464449854</double>
      <double>348.9523411742</double>
      <double>410.91843157975</double>
      <double>472.776674071418</double>
      <double>545.798137906011</double>
      <double>617.377528808082</double>
      <double>691.234163783437</double>
      <double>776.456834057513</double>
      <double>860.349753425041</double>
      <double>954.846212342041</double>
      <double>1050.74815376059</double>
      <double>1159.03928990939</double>
      <double>1272.49579156041</double>
      <double>1394.5822349649</double>
      <double>1522.8967704105</double>
      <double>1657.87651966053</double>
      <double>1800.00172480095</double>
      <double>1957.67208129603</double>
      <double>2124.55272197391</double>
      <double>2305.82279061856</double>
      <double>2503.13929223989</double>
      <double>2708.38305274579</double>
      <double>2932.40982577442</double>
      <double>3177.49433650097</double>
      <double>3446.23212147176</double>
      <double>3728.73254549238</double>
      <double>4032.6597427649</double>
      <double>4374.96745000326</double>
      <double>4729.93739992061</double>
      <double>5139.52020781597</double>
      <double>5567.54920835352</double>
      <double>6072.65304383221</double>
      <double>6585.0607967364</double>
      <double>7191.47090483173</double>
      <double>7812.18526051391</double>
      <double>8549.25985862679</double>
      <double>9368.30356979147</double>
      <double>10251.0212945776</double>
      <double>11271.5739338018</double>
      <double>12383.0232356257</double>
      <double>13677.5014595154</double>
      <double>15148.5082199275</double>
      <double>16878.2086552711</double>
      <double>18762.7714645805</double>
      <double>21030.6572728915</double>
      <double>23677.7483218668</double>
      <double>26829.9546794487</double>
      <double>30491.8355099108</double>
      <double>34928.7801144247</double>
      <double>40311.0197480679</double>
      <double>46984.5534079994</double>
      <double>55162.117952421</double>
      <double>65678.930597057</double>
      <double>79345.6156370694</double>
      <double>97015.8544158129</double>
      <double>121253.226797524</double>
      <double>154687.686760321</double>
      <double>202053.683347337</double>
      <double>272615.489317111</double>
      <double>378424.464012483</double>
      <double>537881.539989638</double>
      <double>760780.540393181</double>
      <double>991846.082719205</double>
      <double>1070455.31351653</double>
      <double>915070.701428541</double>
      <double>673909.186262598</double>
      <double>474406.171404408</double>
      <double>337483.410650991</double>
      <double>246823.530591782</double>
      <double>186233.962789857</double>
      <double>144213.736151587</double>
      <double>114373.811049937</double>
      <double>92787.8016322715</double>
      <double>76518.4473380443</double>
      <double>64124.5597611924</double>
      <double>54298.0699186232</double>
      <double>46600.4190580214</double>
      <double>40278.5961890165</double>
      <double>35195.5774997893</double>
      <double>30902.7893656637</double>
      <double>27381.2200644231</double>
      <double>24402.4254535463</double>
      <double>21832.469875677</double>
      <double>19649.9366908166</double>
      <double>17760.0111124792</double>
      <double>16070.4944645206</double>
      <double>14630.3051943078</double>
      <double>13325.5615439536</double>
      <double>12204.2293137172</double>
      <double>11206.522580257</double>
      <double>10315.0703958356</double>
      <double>9515.44843175139</double>
      <double>8772.01792987508</double>
      <double>8123.51165221711</double>
      <double>7535.89916702347</double>
      <double>7001.90146254605</double>
      <double>6515.29538941562</double>
      <double>6070.73453206453</double>
      <double>5655.92074098341</double>
      <double>5282.71743623037</double>
      <double>4939.42558291398</double>
      <double>4623.00773331348</double>
      <double>4330.79978588376</double>
      <double>4060.45726539217</double>
      <double>3809.90932952813</double>
      <double>3577.3211594219</double>
      <double>3351.76370755444</double>
      <double>3150.90888686262</double>
      <double>2963.5927117043</double>
      <double>2788.6540908651</double>
      <double>2625.05146095719</double>
      <double>2464.86209368513</double>
      <double>2321.60115636274</double>
      <double>2187.14387479642</double>
      <double>2060.85458534297</double>
      <double>1942.21877009975</double>
      <double>1830.89283779601</double>
      <double>1726.81823737224</double>
      <double>1630.4879149419</double>
      <double>1543.61101014578</double>
      <double>1470.94414624383</double>
      <double>1426.15339995069</double>
      <double>1455.18497340969</double>
      <double>1769.45274898393</double>
      <double>4284.29580917891</double>
      <double>38391.9666374672</double>
      <double>4813.19876827496</double>
      <double>2347.72650049458</double>
      <double>1703.99090609091</double>
      <double>1412.63770081644</double>
      <double>1238.41703916375</double>
      <double>1118.209390431</double>
      <double>1026.1334314605</double>
      <double>951.056401364049</double>
      <double>887.258873898138</double>
      <double>831.506913994852</double>
      <double>781.82936180369</double>
      <double>736.949329196755</double>
      <double>695.996723442289</double>
      <double>658.352865331922</double>
      <double>623.561703635709</double>
      <double>591.276728740528</double>
      <double>561.227973479996</double>
      <double>533.200893269035</double>
      <double>507.022537457455</double>
      <double>482.552277705162</double>
      <double>459.675744903405</double>
      <double>438.300939542335</double>
      <double>418.3559434923</double>
      <double>399.788162128772</double>
      <double>382.564897171309</double>
      <double>366.675501016213</double>
      <double>352.13549489436</double>
      <double>338.993521728057</double>
      <double>327.342478568719</double>
      <double>317.3372809134</double>
      <double>309.223674624137</double>
      <double>303.385937638407</double>
      <double>300.428853304549</double>
      <double>301.324351258819</double>
      <double>307.688041014483</double>
      <double>322.334440991619</double>
      <double>350.484124887455</double>
      <double>402.665371506357</double>
      <double>502.686431724301</double>
      <double>714.047054271203</double>
      <double>1256.52343928819</double>
      <double>3374.45473944687</double>
      <double>40081.5391211751</double>
      <double>-35320.2340196079</double>
      <double>3678.98362538736</double>
      <double>1443.1051440565</double>
      <double>828.224221642125</double>
      <double>574.131572467972</double>
      <double>444.788620285108</double>
      <double>370.888385859995</double>
      <double>326.331712171155</double>
      <double>299.891496524817</double>
      <double>286.731200385074</double>
      <double>285.633157689524</double>
      <double>298.614116149736</double>
      <double>332.730214957819</double>
      <double>406.960372810001</double>
      <double>578.791671614055</double>
      <double>1087.17726269657</double>
      <double>3900.75842370503</double>
      <double>20088.6513982709</double>
      <double>1970.3503682672</double>
      <double>712.211993959961</double>
      <double>563.861658153443</double>
      <double>1523.72871838639</double>
      <double>484.721231874979</double>
      <double>202.223512688178</double>
      <double>168.216460908174</double>
      <double>212.44391853374</double>
      <double>334.311305806779</double>
      <double>113.971578051141</double>
      <double>98.4515904451352</double>
      <double>112.047224143808</double>
      <double>142.370098381278</double>
      <double>203.886623588612</double>
      <double>355.691850162174</double>
      <double>968.283897392217</double>
      <double>405.507870832802</double>
      <double>866.26992488335</double>
      <double>937.160904790861</double>
      <double>435.477415948051</double>
      <double>834.804620977035</double>
      <double>240.948025178576</double>
      <double>135.829742745087</double>
      <double>257.88861541701</double>
      <double>82.6274767076147</double>
      <double>77.2623353499985</double>
      <double>65.4261134825055</double>
      <double>-291.570944529011</double>
      <double>92.4075716441411</double>
      <double>73.1973551274145</double>
      <double>50.8168546373138</double>
      <double>23.5803168862763</double>
      <double>27.3894556924094</double>
      <double>78.1508548562565</double>
      <double>25.0925229683702</double>
      <double>33.6323326172886</double>
      <double>31.5861381051039</double>
      <double>19.8249189871543</double>
      <double>19.2235169483148</double>
      <double>19.8375905911457</double>
      <double>21.522710507146</double>
      <double>24.9703274153302</double>
      <double>32.0858487966161</double>
      <double>48.5447381789658</double>
      <double>89.3765335776094</double>
      <double>153.211868292059</double>
      <double>99.6619131516431</double>
      <double>67.01674514132</double>
      <double>37.689896408041</double>
      <double>20.2722542748168</double>
      <double>13.5724157664264</double>
      <double>10.6424198662839</double>
      <double>9.44538900948179</double>
      <double>10.5657886762767</double>
      <double>43.029345123901</double>
      <double>9.89087310028114</double>
      <double>10.699822801135</double>
      <double>17.0038566185556</double>
      <double>528.591081166192</double>
      <double>44.4733136727609</double>
      <double>76.2460848099759</double>
      <double>31.7225109166008</double>
      <double>18.156387943653</double>
      <double>11.325828325866</double>
      <double>12.6107668535266</double>
      <double>63.1750935106109</double>
      <double>9.62056536306974</double>
      <double>11.51850567028</double>
      <double>21.4480474514238</double>
      <double>71.2686752397836</double>
      <double>113.284060913141</double>
      <double>27.2261822955732</double>
      <double>13.2645006562362</double>
      <double>10.0122193835185</double>
      <double>11.6116415473293</double>
      <double>31.9611508512504</double>
      <double>8.12621385512026</double>
      <double>9.15618562842553</double>
      <double>40.5628196695962</double>
      <double>16.493860634023</double>
      <double>11.7279441131297</double>
      <double>4.54175410668023</double>
      <double>3.61800972593783</double>
      <double>3.55126539680534</double>
      <double>3.07228404017435</double>
      <double>9.33887079011877</double>
      <double>17.2116120989642</double>
      <double>8.27471063490563</double>
      <double>5.86821168881984</double>
      <double>2.15162112491814</double>
      <double>2.45042204689639</double>
      <double>7.8748442557991</double>
      <double>2.78495473496595</double>
      <double>2.32611862244043</double>
      <double>5.14660853166504</double>
      <double>8.60025374721107</double>
      <double>19.035839369496</double>
      <double>16.1664004323159</double>
      <double>15.1339859956292</double>
      <double>20.5107716033959</double>
      <double>3.75368092229615</double>
      <double>2.26376274905718</double>
      <double>3.40145317425044</double>
      <double>7.09889139688959</double>
      <double>4.01700863614578</double>
      <double>6.20800254700377</double>
      <double>38.8164623151228</double>
      <double>9.36556438784361</double>
      <double>11.0458083657732</double>
      <double>48.8494570592311</double>
      <double>12.8658810970949</double>
      <double>2.15280324476602</double>
      <double>1.07885156604188</double>
      <double>0.818389415024913</double>
      <double>1.86448158599584</double>
      <double>0.926733795264409</double>
      <double>0.530810682789943</double>
      <double>0.488432980049661</double>
      <double>0.546396604925253</double>
      <double>0.787887443505928</double>
      <double>1.89104549724285</double>
      <double>14.9418903238309</double>
      <double>3.02053983665997</double>
      <double>0.829742704570493</double>
      <double>0.460242975662729</double>
      <double>0.36045496494214</double>
      <double>0.374141653748929</double>
      <double>0.592039223377105</double>
      <double>2.53234365382721</double>
      <double>2.75378647178416</double>
      <double>0.537914459236631</double>
      <double>0.287005322840318</double>
      <double>0.235644234975036</double>
      <double>0.26749764935012</double>
      <double>0.482052758119781</double>
      <double>2.24841853227183</double>
      <double>1.77527369177693</double>
      <double>0.389252967432349</double>
      <double>0.187181183161862</double>
      <double>0.125531717167397</double>
      <double>0.115156100099977</double>
      <double>0.0807275035956963</double>
      <double>0.0666994128239363</double>
      <double>0.058284249064092</double>
      <double>0.0521048608595424</double>
      <double>0.0472157046105843</double>
      <double>0.0431759975267666</double>
      <double>0.0397386043178913</double>
      <double>0.036751086626715</double>
      <double>0.0341132808005352</double>
      <double>0.0317561549408319</double>
      <double>0.0296302652485846</double>
      <double>0.0276990396819372</double>
      <double>0.0259346761105803</double>
      <double>0.0243155366809203</double>
      <double>0.0228244380521043</double>
      <double>0.0214474976451726</double>
      <double>0.0201733368232801</double>
      <double>0.0189925195152774</double>
      <double>0.0178971504388734</double>
      <double>0.0168805848909549</double>
      <double>0.0159372182028365</double>
      <double>0.0150623343103941</double>
      <double>0.0142520004204467</double>
      <double>0.0135029988688987</double>
      <double>0.0128127923889625</double>
      <double>0.0121795212019781</double>
      <double>0.0116020344891485</double>
      <double>0.0110799619210933</double>
      <double>0.0106138362385557</double>
      <double>0.0102052852897803</double>
      <double>0.00985732262975068</double>
      <double>0.00957478424141236</double>
      <double>0.00936498920824308</double>
      <double>0.00923875445992826</double>
      <double>0.00921198882877178</double>
      <double>0.00930826871816825</double>
      <double>0.00956314491677418</double>
      <double>0.0100316452435506</double>
      <double>0.0108020005005752</double>
      <double>0.0120222856907262</double>
      <double>0.0139560239860194</double>
      <double>0.0171093297507929</double>
      <double>0.0225581818457025</double>
      <double>0.0329376718686793</double>
      <double>0.0562161268338003</double>
      <double>0.126660596490922</double>
      <double>0.548021722586923</double>
      <double>2.18676657671829</double>
      <double>0.229682025375579</double>
      <double>0.072573533069121</double>
      <double>0.0347487287377247</double>
      <double>0.0202946470191159</double>
      <double>0.0133043130697946</double>
      <double>0.00939924671857279</double>
      <double>0.00699272329700148</double>
      <double>0.00539972283199531</double>
      <double>0.00428608750564753</double>
      <double>0.00347337007184985</double>
      <double>0.00285936387771613</double>
      <double>0.00238215921842695</double>
      <double>0.00200249282881258</double>
      <double>0.00169448614403381</double>
      <double>0.00144051216353218</double>
      <double>0.00122821681232329</double>
      <double>0.00104872149530163</double>
      <double>0.000895501125061833</double>
      <double>0.000763662853882743</double>
      <double>0.000649470213838778</double>
      <double>0.000550021799973959</double>
      <double>0.000463029823976117</double>
      <double>0.000386664609592428</double>
      <double>0.000319443567876934</double>
      <double>0.000260150665534304</double>
      <double>0.000207777210704217</double>
      <double>0.000161477743279304</double>
      <double>0.00012053676397465</double>
      <double>8.43433673912991E-05</double>
      <double>5.2371696173288E-05</double>
      <double>2.41657305512986E-05</double>
      <double>-6.7267002836663E-07</double>
      <double>-2.24932388800372E-05</double>
      <double>-4.16048792248614E-05</double>
      <double>-5.82817714770261E-05</double>
      <double>-7.27683393090228E-05</double>
      <double>-8.52833191199707E-05</double>
      <double>-9.60231171756779E-05</double>
      <double>-0.000105164600320149</double>
      <double>-0.000112867445969595</double>
      <double>-0.000119276108263138</double>
      <double>-0.000124521509046207</double>
      <double>-0.000128722470723518</double>
      <double>-0.000131986961204291</double>
      <double>-0.000134413168749328</double>
      <double>-0.000136090444029312</double>
      <double>-0.000137100127000398</double>
      <double>-0.000137516279313071</double>
      <double>-0.000137406331620583</double>
      <double>-0.000136831666531966</double>
      <double>-0.000135848138315813</double>
      <double>-0.000134506543424533</double>
      <double>-0.000132853044790702</double>
      <double>-0.000130929559468453</double>
      <double>-0.000128774108296161</double>
      <double>-0.000126421138661019</double>
      <double>-0.000123901818884693</double>
      <double>-0.000121244307244178</double>
      <double>-0.000118474001143627</double>
      <double>-0.000115613763405391</double>
      <double>-0.00011268413554855</double>
      <double>-0.000109703529420428</double>
      <double>-0.000106688407691996</double>
      <double>-0.000103653447615981</double>
      <double>-0.00010061169513907</double>
      <double>-9.7574705486685E-05</double>
      <double>-9.45526726362248E-05</double>
      <double>-9.15545495164269E-05</double>
      <double>-8.85881597986486E-05</double>
      <double>-8.566029971314E-05</double>
      <double>-8.27768318126694E-05</double>
      <double>-7.99427727718962E-05</double>
      <double>-7.71623729844627E-05</double>
      <double>-7.4439190369766E-05</double>
      <double>-7.1776158087476E-05</double>
      <double>-6.91756470829325E-05</double>
      <double>-6.6639522737561E-05</double>
      <double>-6.41691975345812E-05</double>
      <double>-6.17656791206216E-05</double>
      <double>-5.94296143928631E-05</double>
      <double>-5.71613292683492E-05</double>
      <double>-5.49608652100492E-05</double>
      <double>-5.28280137797941E-05</double>
      <double>-5.07623454400971E-05</double>
      <double>-4.87632389728668E-05</double>
      <double>-4.68299052932832E-05</double>
      <double>-4.4961411078716E-05</double>
      <double>-4.31566987775029E-05</double>
      <double>-4.14146061273804E-05</double>
      <double>-3.97338822463389E-05</double>
      <double>-3.81132033259032E-05</double>
      <double>-3.65511858945476E-05</double>
      <double>-3.50463994350498E-05</double>
      <double>-3.35973771928769E-05</double>
      <double>-3.33354781125417E-05</double>
    </ArrayOfDouble>
    <ArrayOfDouble>
      <double>9737.65648453377</double>
      <double>9969.1868992273</double>
      <double>10206.2164431465</double>
      <double>10448.8481382655</double>
      <double>10697.3140687403</double>
      <double>10951.7099252261</double>
      <double>11212.1978180764</double>
      <double>11478.893680615</double>
      <double>11752.0360935168</double>
      <double>12031.7857378135</double>
      <double>12318.2713916449</double>
      <double>12611.7153015776</double>
      <double>12912.2361420694</double>
      <double>13220.0674853936</double>
      <double>13535.4519700647</double>
      <double>13858.5430589409</double>
      <double>14189.5171923468</double>
      <double>14528.6570961017</double>
      <double>14876.1536270928</double>
      <double>15232.2448858877</double>
      <double>15597.1772146054</double>
      <double>15971.1839639905</double>
      <double>16354.5281993726</double>
      <double>16747.5268762691</double>
      <double>17150.4192079734</double>
      <double>17563.4072036689</double>
      <double>17986.9754610815</double>
      <double>18421.2566572313</double>
      <double>18866.6692734131</double>
      <double>19323.5064441139</double>
      <double>19792.1446745325</double>
      <double>20272.9276043637</double>
      <double>20766.3097228187</double>
      <double>21272.5694650074</double>
      <double>21792.1458033522</double>
      <double>22325.5688382741</double>
      <double>22873.1699506386</double>
      <double>23435.4219667617</double>
      <double>24012.9395208434</double>
      <double>24606.0956036205</double>
      <double>25215.5039157458</double>
      <double>25841.7317480565</double>
      <double>26485.3284837949</double>
      <double>27146.9211765292</double>
      <double>27827.2341435646</double>
      <double>28526.9132726102</double>
      <double>29246.6463088586</double>
      <double>29987.2629094873</double>
      <double>30749.5331574559</double>
      <double>31534.3312784698</double>
      <double>32342.5596637272</double>
      <double>33175.1456335751</double>
      <double>34033.1102830404</double>
      <double>34917.5765495274</double>
      <double>35829.6393854465</double>
      <double>36770.5311000311</double>
      <double>37741.5314217633</double>
      <double>38744.0283126941</double>
      <double>39779.4857896535</double>
      <double>40849.4883414422</double>
      <double>41955.6731700606</double>
      <double>43099.907625206</double>
      <double>44284.0432481978</double>
      <double>45510.2369207297</double>
      <double>46780.6010377014</double>
      <double>48097.6230253905</double>
      <double>49463.8536305738</double>
      <double>50882.1457519703</double>
      <double>52355.5474713474</double>
      <double>53887.3651157814</double>
      <double>55480.9899317101</double>
      <double>57140.4768160388</double>
      <double>58869.9506401422</double>
      <double>60674.0082189524</double>
      <double>62558.0233830647</double>
      <double>64527.251054932</double>
      <double>66587.7554642145</double>
      <double>68746.2100862373</double>
      <double>71010.5546083289</double>
      <double>73388.8326516579</double>
      <double>75889.4891782909</double>
      <double>78524.1377542234</double>
      <double>81302.1309764852</double>
      <double>84238.3994077134</double>
      <double>87344.0326441846</double>
      <double>90639.8194735284</double>
      <double>94138.7860102681</double>
      <double>97867.7169060538</double>
      <double>101843.504157425</double>
      <double>106096.394471753</double>
      <double>110660.293458246</double>
      <double>115566.206937755</double>
      <double>120862.1048235</double>
      <double>126590.359166852</double>
      <double>132811.890727934</double>
      <double>139589.360278519</double>
      <double>147021.835032056</double>
      <double>155186.146565943</double>
      <double>164209.724584409</double>
      <double>174232.028889495</double>
      <double>185450.081369705</double>
      <double>198070.675684763</double>
      <double>212383.16628286</double>
      <double>228737.12521883</double>
      <double>247644.845235092</double>
      <double>269665.517849517</double>
      <double>295625.22748348</double>
      <double>326782.141791861</double>
      <double>364488.305383299</double>
      <double>411085.691034223</double>
      <double>469863.865823731</double>
      <double>544358.117430288</double>
      <double>640664.63782314</double>
      <double>763603.684186357</double>
      <double>906733.742610261</double>
      <double>1033100.56542068</double>
      <double>1072556.7837079</double>
      <double>991103.937797098</double>
      <double>850132.848665524</double>
      <double>713004.201046387</double>
      <double>600358.176600176</double>
      <double>512953.53578392</double>
      <double>444886.342245899</double>
      <double>391456.76369387</double>
      <double>348604.845433415</double>
      <double>313572.45514723</double>
      <double>284591.329081467</double>
      <double>260210.965929799</double>
      <double>239495.326569918</double>
      <double>221626.375897148</double>
      <double>206110.126186028</double>
      <double>192473.243679318</double>
      <double>180426.810934583</double>
      <double>169680.231641433</double>
      <double>160045.018029489</double>
      <double>151359.820130781</double>
      <double>143480.846127744</double>
      <double>136302.777631983</double>
      <double>129739.692132126</double>
      <double>123703.799735154</double>
      <double>118141.40700044</double>
      <double>112989.541757301</double>
      <double>108206.681697372</double>
      <double>103753.201766368</double>
      <double>99594.9488360809</double>
      <double>95704.5182594974</double>
      <double>92051.5240798978</double>
      <double>88615.8820337001</double>
      <double>85377.77578808</double>
      <double>82319.7169750174</double>
      <double>79426.2082308606</double>
      <double>76684.0245230064</double>
      <double>74079.6686394518</double>
      <double>71602.7218981101</double>
      <double>69243.2406164033</double>
      <double>66992.2347431561</double>
      <double>64841.5398194261</double>
      <double>62783.7043419826</double>
      <double>60811.8888136199</double>
      <double>58920.2827294002</double>
      <double>57101.9332736096</double>
      <double>55351.8590998464</double>
      <double>53664.7754213312</double>
      <double>52035.5564336864</double>
      <double>50459.4410514627</double>
      <double>48930.5695381433</double>
      <double>47443.8025111854</double>
      <double>45993.052453576</double>
      <double>44571.1905828594</double>
      <double>43169.3195777366</double>
      <double>41775.5155346264</double>
      <double>40372.5031007757</double>
      <double>38933.0113996642</double>
      <double>37409.5545206026</double>
      <double>35708.9017878841</double>
      <double>33616.0290844177</double>
      <double>30500.2619351353</double>
      <double>23744.5823085927</double>
      <double>57982.7933418702</double>
      <double>44226.4732851656</double>
      <double>38708.4263403568</double>
      <double>36062.4990753229</double>
      <double>34288.9615422186</double>
      <double>32898.7517908274</double>
      <double>31716.2503440123</double>
      <double>30662.9139644304</double>
      <double>29698.1555334697</double>
      <double>28798.7240411417</double>
      <double>27950.204446874</double>
      <double>27143.0732988846</double>
      <double>26370.695251708</double>
      <double>25628.2300320936</double>
      <double>24912.0001990547</double>
      <double>24219.10687976</double>
      <double>23547.1858156624</double>
      <double>22894.2461072032</double>
      <double>22258.5592772768</double>
      <double>21638.5796229408</double>
      <double>21032.8841523884</double>
      <double>20440.1245343912</double>
      <double>19858.9858262574</double>
      <double>19288.1480087047</double>
      <double>18726.246910806</double>
      <double>18171.8311104718</double>
      <double>17623.3108637525</double>
      <double>17078.8939351342</double>
      <double>16536.5010900889</double>
      <double>15993.6504181721</double>
      <double>15447.2935491735</double>
      <double>14893.5762436804</double>
      <double>14327.4769249677</double>
      <double>13742.2416009325</double>
      <double>13128.4653066201</double>
      <double>12472.5299027896</double>
      <double>11753.8006665066</double>
      <double>10939.2565944161</double>
      <double>9972.33994495528</double>
      <double>8747.34227372941</double>
      <double>7043.22468747258</double>
      <double>4359.0898706559</double>
      <double>3962.66378188686</double>
      <double>48592.7679257275</double>
      <double>44083.4734441053</double>
      <double>29329.6138219296</double>
      <double>20616.5735753375</double>
      <double>17391.1868834521</double>
      <double>15551.0134046271</double>
      <double>14285.9754532539</double>
      <double>13314.9701409287</double>
      <double>12511.2706684356</double>
      <double>11806.7515215876</double>
      <double>11158.3959762646</double>
      <double>10533.2847827263</double>
      <double>9899.12204504248</double>
      <double>9213.94553729705</double>
      <double>8406.86799664083</double>
      <double>7326.95670014683</double>
      <double>5581.73200568508</double>
      <double>4030.80544272769</double>
      <double>27896.1054696188</double>
      <double>15822.51300289</double>
      <double>12457.5243636442</double>
      <double>10832.598051899</double>
      <double>10013.7401042127</double>
      <double>10537.012925056</double>
      <double>9670.44923501464</double>
      <double>9105.21135466827</double>
      <double>8651.88646433255</double>
      <double>8485.21365516861</double>
      <double>8153.77496955725</double>
      <double>7786.63615969504</double>
      <double>7463.28851144502</double>
      <double>7151.45615631863</double>
      <double>6830.43732097896</double>
      <double>6476.63820992512</double>
      <double>6255.22886821413</double>
      <double>6751.9252985903</double>
      <double>6240.08585704642</double>
      <double>6767.19270532402</double>
      <double>6588.20176253159</double>
      <double>6260.85421012082</double>
      <double>6297.00317719243</double>
      <double>5970.35051114757</double>
      <double>5721.60025413945</double>
      <double>5515.9478088918</double>
      <double>5261.50090212563</double>
      <double>4877.66317242515</double>
      <double>3446.22689305713</double>
      <double>6787.96979780013</double>
      <double>5551.44700839901</double>
      <double>5248.84730414326</double>
      <double>4987.94182855235</double>
      <double>4788.34635755244</double>
      <double>4711.01245289442</double>
      <double>4529.64416855185</double>
      <double>4375.15743696338</double>
      <double>4308.87888615117</double>
      <double>4171.6883707401</double>
      <double>4054.49522651384</double>
      <double>3943.86784225898</double>
      <double>3837.06886263608</double>
      <double>3732.57933835056</double>
      <double>3628.98763946341</double>
      <double>3525.55176302399</double>
      <double>3438.61026841622</double>
      <double>3378.62495033861</double>
      <double>3397.38576989886</double>
      <double>3309.38827102499</double>
      <double>3228.40098640207</double>
      <double>3137.64565593524</double>
      <double>3051.08085822857</double>
      <double>2969.16307359193</double>
      <double>2889.93083377165</double>
      <double>2809.82580758579</double>
      <double>2764.49776562206</double>
      <double>2680.34732273004</double>
      <double>2600.34240834028</double>
      <double>2508.20018282811</double>
      <double>2591.91742881259</double>
      <double>2455.88526399656</double>
      <double>2425.19303473143</double>
      <double>2380.80364616642</double>
      <double>2312.20072063021</double>
      <double>2243.82817475806</double>
      <double>2183.14591010163</double>
      <double>2150.66542795841</double>
      <double>2080.95502591921</double>
      <double>2018.01776913651</double>
      <double>1951.39911157375</double>
      <double>1890.73829062521</double>
      <double>1962.28474961973</double>
      <double>1908.21161299966</double>
      <double>1846.98483761926</double>
      <double>1791.2839135361</double>
      <double>1733.25973261477</double>
      <double>1718.94157383832</double>
      <double>1670.4977962331</double>
      <double>1617.32015032914</double>
      <double>1591.37315215773</double>
      <double>1555.78091937776</double>
      <double>1532.21704716267</double>
      <double>1488.69253836406</double>
      <double>1450.24437065724</double>
      <double>1413.48368790491</double>
      <double>1377.54348350487</double>
      <double>1339.95191318329</double>
      <double>1306.20371531334</double>
      <double>1293.97002579877</double>
      <double>1265.32638953601</double>
      <double>1230.58565889137</double>
      <double>1198.42646554321</double>
      <double>1169.91481120335</double>
      <double>1144.42823433924</double>
      <double>1113.9852383884</double>
      <double>1082.88239628889</double>
      <double>1062.60197837045</double>
      <double>1024.29857225956</double>
      <double>1026.48957005323</double>
      <double>998.6708905006</double>
      <double>995.007117548054</double>
      <double>962.511195778975</double>
      <double>934.488007599226</double>
      <double>907.807886230082</double>
      <double>889.340102380053</double>
      <double>866.172800735543</double>
      <double>839.685872066839</double>
      <double>814.376158160387</double>
      <double>820.024165112589</double>
      <double>786.825489049072</double>
      <double>791.660814040918</double>
      <double>775.084333049387</double>
      <double>754.270013149775</double>
      <double>732.94603507359</double>
      <double>713.856270639233</double>
      <double>695.16732785876</double>
      <double>680.987825478663</double>
      <double>664.003803109613</double>
      <double>647.852145838396</double>
      <double>632.069997592541</double>
      <double>616.326933995152</double>
      <double>599.73879335666</double>
      <double>584.177354010198</double>
      <double>583.661155438068</double>
      <double>567.017467695881</double>
      <double>552.721264603235</double>
      <double>539.273328886526</double>
      <double>526.246328363362</double>
      <double>513.309364041405</double>
      <double>499.670066786815</double>
      <double>494.650361941219</double>
      <double>481.490457050229</double>
      <double>469.71684099249</double>
      <double>458.523342200026</double>
      <double>447.61756746394</double>
      <double>436.780685518251</double>
      <double>425.709818241324</double>
      <double>420.205017997147</double>
      <double>409.585905504072</double>
      <double>399.788643356736</double>
      <double>390.433213458057</double>
      <double>381.386459958557</double>
      <double>372.600280737841</double>
      <double>364.023688376649</double>
      <double>355.661958765473</double>
      <double>347.503559143521</double>
      <double>339.540273220215</double>
      <double>331.765435691301</double>
      <double>324.173257524462</double>
      <double>316.758512648437</double>
      <double>309.516369504915</double>
      <double>302.442291844321</double>
      <double>295.531976366614</double>
      <double>288.781311447729</double>
      <double>282.186348608939</double>
      <double>275.743282030078</double>
      <double>269.448433327797</double>
      <double>263.298239888104</double>
      <double>257.289245663166</double>
      <double>251.41809371618</double>
      <double>245.681520030578</double>
      <double>240.076348247817</double>
      <double>234.599485094275</double>
      <double>229.247916321073</double>
      <double>224.018703022316</double>
      <double>218.908978224114</double>
      <double>213.915943652387</double>
      <double>209.036866594505</double>
      <double>204.269076768384</double>
      <double>199.609963102338</double>
      <double>195.056970307457</double>
      <double>190.607595086905</double>
      <double>186.259381765638</double>
      <double>182.009917025281</double>
      <double>177.85682326815</double>
      <double>173.79774986695</double>
      <double>169.830361100585</double>
      <double>165.952318772559</double>
      <double>162.161256037672</double>
      <double>158.454736149251</double>
      <double>154.83018417327</double>
      <double>151.284767583796</double>
      <double>147.815173697784</double>
      <double>144.417161417618</double>
      <double>141.084565747298</double>
      <double>137.806783007342</double>
      <double>134.561172009869</double>
      <double>131.283172372723</double>
      <double>127.706312553279</double>
      <double>127.397856326116</double>
      <double>123.897099372559</double>
      <double>120.747670361871</double>
      <double>117.864175154973</double>
      <double>115.109669914965</double>
      <double>112.445578254244</double>
      <double>109.856573801088</double>
      <double>107.334939210862</double>
      <double>104.876040781751</double>
      <double>102.476694550555</double>
      <double>100.134478397457</double>
      <double>97.8474078126842</double>
      <double>95.6137692005774</double>
      <double>93.4320280247023</double>
      <double>91.3007752216858</double>
      <double>89.2186943961035</double>
      <double>87.1845408807854</double>
      <double>85.1971278667352</double>
      <double>83.2553169026233</double>
      <double>81.3580111829132</double>
      <double>79.5041506667419</double>
      <double>77.6927084294891</double>
      <double>75.922687863541</double>
      <double>74.1931204764092</double>
      <double>72.5030641172682</double>
      <double>70.8516015163008</double>
      <double>69.2378390564121</double>
      <double>67.6609057203496</double>
      <double>66.1199521723216</double>
      <double>64.6141499443223</double>
      <double>63.1426907051743</double>
      <double>61.7047855958713</double>
      <double>60.2996646188088</double>
      <double>58.9265760714268</double>
      <double>57.5847860169562</double>
      <double>56.2735777865557</double>
      <double>54.9922515083525</double>
      <double>53.7401236598256</double>
      <double>52.5165266406629</double>
      <double>51.3208083637715</double>
      <double>50.1523318625605</double>
      <double>49.0104749129257</double>
      <double>47.8946296686475</double>
      <double>46.8042023091088</double>
      <double>45.7386126984188</double>
      <double>44.6972940551519</double>
      <double>43.6796926320326</double>
      <double>42.6852674049762</double>
      <double>41.7134897709746</double>
      <double>40.7638432543743</double>
      <double>39.8358232211468</double>
      <double>38.9289366007881</double>
      <double>38.0427016155307</double>
      <double>37.1766475165658</double>
      <double>36.3303143270112</double>
      <double>35.5032525913833</double>
      <double>34.6950231313312</double>
      <double>33.9051968074398</double>
      <double>33.1333542868876</double>
      <double>32.3790858167895</double>
      <double>31.6419910030368</double>
      <double>30.92167859448</double>
      <double>30.2177662722972</double>
      <double>29.5298804443952</double>
      <double>28.8576560447087</double>
      <double>28.2007363372619</double>
      <double>27.55877272486</double>
      <double>26.9314245622945</double>
      <double>26.3183589739356</double>
      <double>25.7192506756041</double>
      <double>25.1337818006122</double>
      <double>24.5616417298624</double>
      <double>24.0025269259089</double>
      <double>23.4561407708773</double>
      <double>22.9221934081514</double>
      <double>22.4004015877297</double>
      <double>21.8904885151647</double>
      <double>21.3921837039979</double>
      <double>20.9052228316042</double>
      <double>20.4293475983637</double>
      <double>19.964305590084</double>
      <double>19.5098501435893</double>
      <double>19.0657402154092</double>
      <double>18.6317402534826</double>
      <double>18.2076200718177</double>
      <double>17.7931547280285</double>
      <double>17.3881244036845</double>
      <double>16.9923142874064</double>
      <double>16.6055144606444</double>
      <double>16.2275197860749</double>
      <double>15.858129798556</double>
      <double>15.4971485985789</double>
      <double>15.144384748163</double>
      <double>14.7996511691316</double>
      <double>14.4627650437164</double>
      <double>14.4013284236249</double>
    </ArrayOfDouble>
  </DataSeriesYPoints>
  <ManualXMinAxisLimit>false</ManualXMinAxisLimit>
  <ManualXMaxAxisLimit>false</ManualXMaxAxisLimit>
  <XAxisMin>0</XAxisMin>
  <XAxisMax>0</XAxisMax>
  <ManualYMinAxisLimit>false</ManualYMinAxisLimit>
  <ManualYMaxAxisLimit>false</ManualYMaxAxisLimit>
  <YAxisMin>0</YAxisMin>
  <YAxisMax>0</YAxisMax>
  <ManualY2MinAxisLimit>false</ManualY2MinAxisLimit>
  <ManualY2MaxAxisLimit>false</ManualY2MaxAxisLimit>
  <Y2AxisMin>0</Y2AxisMin>
  <Y2AxisMax>0</Y2AxisMax>
  <XAxisTitle>Frequency [Hz]</XAxisTitle>
  <YAxisTitle>Amplitude [p.u.]</YAxisTitle>
  <Y2AxisTitle>Amplitude [p.u.]</Y2AxisTitle>
  <XLogarithmicScale>true</XLogarithmicScale>
  <YLogarithmicScale>true</YLogarithmicScale>
  <Y2LogarithmicScale>true</Y2LogarithmicScale>
  <SelectedXAxisLabelFormat>Scientific</SelectedXAxisLabelFormat>
  <SelectedYAxisLabelFormat>Scientific</SelectedYAxisLabelFormat>
  <SelectedY2AxisLabelFormat>Scientific</SelectedY2AxisLabelFormat>
  <XMajorGridLines>true</XMajorGridLines>
  <YMajorGridLines>false</YMajorGridLines>
  <Y2MajorGridLines>false</Y2MajorGridLines>
  <XMinorGridLines>true</XMinorGridLines>
  <YMinorGridLines>false</YMinorGridLines>
  <Y2MinorGridLines>false</Y2MinorGridLines>
  <XMajorStep>0</XMajorStep>
  <YMajorStep>0</YMajorStep>
  <Y2MajorStep>0</Y2MajorStep>
  <XMinorStep>0</XMinorStep>
  <YMinorStep>0</YMinorStep>
  <Y2MinorStep>0</Y2MinorStep>
  <ChartWidth>500</ChartWidth>
  <ChartHeight>500</ChartHeight>
  <ChartTitle />
  <ShowLegend>true</ShowLegend>
  <SelectedLegendPosition>TopRight</SelectedLegendPosition>
  <SelectedFont>Helvetica</SelectedFont>
  <XAxisFontSize>0</XAxisFontSize>
  <YAxisFontSize>0</YAxisFontSize>
  <Y2AxisFontSize>0</Y2AxisFontSize>
  <TitleFontSize>0</TitleFontSize>
  <LegendFontSize>0</LegendFontSize>
  <SelectedBackColor>White</SelectedBackColor>
  <CustomBackColor>false</CustomBackColor>
  <BackColorRGBDescription>255|255|255</BackColorRGBDescription>
  <SelectedBackgroundColor>White</SelectedBackgroundColor>
  <CustomBackgroundColor>false</CustomBackgroundColor>
  <BackgroundColorRGBDescription>255|255|255</BackgroundColorRGBDescription>
  <SelectedGridLinesColor>Gray</SelectedGridLinesColor>
  <CustomGridLinesColor>false</CustomGridLinesColor>
  <GridLinesColorRGBDescription>160|160|160</GridLinesColorRGBDescription>
  <GIFTotalTime>1</GIFTotalTime>
  <GIFFramesPerSecond>10</GIFFramesPerSecond>
</DataObject>