<?xml version="1.0" encoding="utf-8"?>
<DataObject xmlns:xsd="http://www.w3.org/2001/XMLSchema" xmlns:xsi="http://www.w3.org/2001/XMLSchema-instance">
  <DataSeriesName>
    <string>Example</string>
    <string>A2</string>
  </DataSeriesName>
  <DataSeriesScaleX>
    <double>1</double>
    <double>1</double>
  </DataSeriesScaleX>
  <DataSeriesScaleY>
    <double>1</double>
    <double>1</double>
  </DataSeriesScaleY>
  <DataSeriesThick>
    <double>1.5</double>
    <double>1.5</double>
  </DataSeriesThick>
  <DataSeriesLineStyle>
    <LineStyle>Solid</LineStyle>
    <LineStyle>Solid</LineStyle>
  </DataSeriesLineStyle>
  <DataSeriesColor>
    <Colors>Black</Colors>
    <Colors>Red</Colors>
  </DataSeriesColor>
  <DataSeriesCustomColor>
    <boolean>false</boolean>
    <boolean>false</boolean>
  </DataSeriesCustomColor>
  <DataSeriesRGBDescription>
    <string>0|0|0</string>
    <string>255|0|0</string>
  </DataSeriesRGBDescription>
  <DataSeriesLegend>
    <boolean>true</boolean>
    <boolean>true</boolean>
  </DataSeriesLegend>
  <DataSeriesSecondY>
    <boolean>false</boolean>
    <boolean>true</boolean>
  </DataSeriesSecondY>
  <DataSeriesXPoints>
    <ArrayOfDouble>
      <double>0</double>
      <double>1</double>
      <double>2</double>
      <double>3</double>
      <double>4</double>
      <double>5</double>
      <double>6</double>
      <double>7</double>
      <double>8</double>
      <double>9</double>
      <double>10</double>
    </ArrayOfDouble>
    <ArrayOfDouble>
      <double>0</double>
      <double>1</double>
      <double>2</double>
      <double>3</double>
      <double>4</double>
      <double>5</double>
    </ArrayOfDouble>
  </DataSeriesXPoints>
  <DataSeriesYPoints>
    <ArrayOfDouble>
      <double>0</double>
      <double>1</double>
      <double>4</double>
      <double>8</double>
      <double>16</double>
      <double>32</double>
      <double>64</double>
      <double>128</double>
      <double>256</double>
      <double>512</double>
      <double>1024</double>
    </ArrayOfDouble>
    <ArrayOfDouble>
      <double>0</double>
      <double>2</double>
      <double>4</double>
      <double>8</double>
      <double>6</double>
      <double>15</double>
    </ArrayOfDouble>
  </DataSeriesYPoints>
  <ManualXMinAxisLimit>true</ManualXMinAxisLimit>
  <ManualXMaxAxisLimit>true</ManualXMaxAxisLimit>
  <XAxisMin>0</XAxisMin>
  <XAxisMax>10</XAxisMax>
  <ManualYMinAxisLimit>true</ManualYMinAxisLimit>
  <ManualYMaxAxisLimit>true</ManualYMaxAxisLimit>
  <YAxisMin>0</YAxisMin>
  <YAxisMax>1000</YAxisMax>
  <ManualY2MinAxisLimit>true</ManualY2MinAxisLimit>
  <ManualY2MaxAxisLimit>true</ManualY2MaxAxisLimit>
  <Y2AxisMin>0</Y2AxisMin>
  <Y2AxisMax>20</Y2AxisMax>
  <XAxisTitle>X11</XAxisTitle>
  <YAxisTitle>Y11</YAxisTitle>
  <Y2AxisTitle>Y22</Y2AxisTitle>
  <XLogarithmicScale>true</XLogarithmicScale>
  <YLogarithmicScale>true</YLogarithmicScale>
  <Y2LogarithmicScale>true</Y2LogarithmicScale>
  <SelectedXAxisLabelFormat>Default</SelectedXAxisLabelFormat>
  <SelectedYAxisLabelFormat>Scientific</SelectedYAxisLabelFormat>
  <SelectedY2AxisLabelFormat>Engineering</SelectedY2AxisLabelFormat>
  <XMajorGridLines>true</XMajorGridLines>
  <YMajorGridLines>true</YMajorGridLines>
  <Y2MajorGridLines>true</Y2MajorGridLines>
  <XMinorGridLines>true</XMinorGridLines>
  <YMinorGridLines>true</YMinorGridLines>
  <Y2MinorGridLines>true</Y2MinorGridLines>
  <XMajorStep>1</XMajorStep>
  <YMajorStep>2</YMajorStep>
  <Y2MajorStep>3</Y2MajorStep>
  <XMinorStep>4</XMinorStep>
  <YMinorStep>5</YMinorStep>
  <Y2MinorStep>6</Y2MinorStep>
  <ChartWidth>501</ChartWidth>
  <ChartHeight>502</ChartHeight>
  <ChartTitle>Sample title 1</ChartTitle>
  <ShowLegend>true</ShowLegend>
  <SelectedLegendPosition>TopLeft</SelectedLegendPosition>
  <SelectedFont>Helvetica</SelectedFont>
  <XAxisFontSize>10</XAxisFontSize>
  <YAxisFontSize>12</YAxisFontSize>
  <Y2AxisFontSize>14</Y2AxisFontSize>
  <TitleFontSize>16</TitleFontSize>
  <LegendFontSize>18</LegendFontSize>
  <SelectedBackColor>White</SelectedBackColor>
  <CustomBackColor>false</CustomBackColor>
  <BackColorRGBDescription>255|255|255</BackColorRGBDescription>
  <SelectedBackgroundColor>White</SelectedBackgroundColor>
  <CustomBackgroundColor>false</CustomBackgroundColor>
  <BackgroundColorRGBDescription>255|255|255</BackgroundColorRGBDescription>
  <SelectedGridLinesColor>Gray</SelectedGridLinesColor>
  <CustomGridLinesColor>false</CustomGridLinesColor>
  <GridLinesColorRGBDescription>160|160|160</GridLinesColorRGBDescription>
  <GIFTotalTime>2</GIFTotalTime>
  <GIFFramesPerSecond>5</GIFFramesPerSecond>
</DataObject>